SAR,PH,FTD,Transport,WTT,Predicted SAR
1.54,16,863.2,False,5.240586517091763,1.1256936834061042
1.97,9,577.7,False,5.240586517091763,1.8930244912740841
1.49,9,577.7,False,5.240586517091763,1.8930244912740841
1.68,16,863.2,False,5.240586517091763,1.1256936834061042
1.66,9,577.7,False,5.240586517091763,1.8930244912740841
2.13,16,863.2,False,5.240586517091763,1.1256936834061042
1.81,9,577.7,False,5.240586517091763,1.8930244912740841
1.52,16,863.2,False,5.240586517091763,1.1256936834061042
1e-08,9,577.7,False,5.240586517091763,1.8930244912740841
1e-08,16,863.2,False,5.240586517091763,1.1256936834061042
1.96,9,577.7,False,5.240586517091763,1.8930244912740841
1.45,16,863.2,False,5.240586517091763,1.1256936834061042
1.39,9,577.7,False,5.240586517091763,1.8930244912740841
0.89,16,863.2,False,5.240586517091763,1.1256936834061042
2.16,9,577.7,False,5.240586517091763,1.8930244912740841
1.55,16,863.2,False,5.240586517091763,1.1256936834061042
0.75,9,577.7,False,5.240586517091763,1.8930244912740841
0.45000000000000007,16,863.2,False,5.240586517091763,1.1256936834061042
2.72,9,577.7,False,5.240586517091763,1.8930244912740841
2.26,16,863.2,False,5.240586517091763,1.1256936834061042
2.05,9,577.7,False,5.240586517091763,1.8930244912740841
1.8500000000000003,16,863.2,False,5.240586517091763,1.1256936834061042
1.91,9,577.7,False,5.240586517091763,1.8930244912740841
1.44,16,863.2,False,5.240586517091763,1.1256936834061042
2.29,9,577.7,False,5.240586517091763,1.8930244912740841
2.04,16,863.2,False,5.240586517091763,1.1256936834061042
2.58,9,577.7,False,5.240586517091763,1.8930244912740841
2.01,16,863.2,False,5.240586517091763,1.1256936834061042
0.74,7,512.1,False,5.240586517091763,2.535543619461484
0.45000000000000007,12,732.0,False,5.240586517091763,2.0275780254470677
0.26,7,512.1,False,5.240586517091763,2.535543619461484
0.26,12,732.0,False,5.240586517091763,2.0275780254470677
1.71,9,577.7,False,5.240586517091763,1.8930244912740841
1.47,16,863.2,False,5.240586517091763,1.1256936834061042
0.97,9,577.7,False,5.424831186077761,1.921388898648492
0.86,16,863.2,False,5.424831186077761,1.142694593549979
0.26,9,577.7,False,5.424831186077761,1.921388898648492
0.33,16,863.2,False,5.424831186077761,1.142694593549979
0.77,9,577.7,False,5.424831186077761,1.921388898648492
1.05,16,863.2,False,5.424831186077761,1.142694593549979
0.39,16,863.2,False,5.424831186077761,1.142694593549979
0.51,9,577.7,False,5.424831186077761,1.921388898648492
0.17,9,577.7,False,5.424831186077761,1.921388898648492
0.17,16,863.2,False,5.424831186077761,1.142694593549979
0.51,9,577.7,False,5.424831186077761,1.921388898648492
0.45999999999999996,16,863.2,False,5.424831186077761,1.142694593549979
0.31,9,577.7,False,5.424831186077761,1.921388898648492
0.62,16,863.2,False,5.424831186077761,1.142694593549979
1.27,9,577.7,False,5.424831186077761,1.921388898648492
1.02,16,863.2,False,5.424831186077761,1.142694593549979
0.15,9,577.7,False,5.424831186077761,1.921388898648492
1e-08,16,863.2,False,5.424831186077761,1.142694593549979
0.86,9,577.7,False,5.424831186077761,1.921388898648492
0.86,16,863.2,False,5.424831186077761,1.142694593549979
0.52,9,577.7,False,5.424831186077761,1.921388898648492
0.39,16,863.2,False,5.424831186077761,1.142694593549979
1.11,9,577.7,False,5.424831186077761,1.921388898648492
0.9199999999999999,16,863.2,False,5.424831186077761,1.142694593549979
1.25,9,577.7,False,5.424831186077761,1.921388898648492
0.75,16,863.2,False,5.424831186077761,1.142694593549979
0.67,16,863.2,False,5.424831186077761,1.142694593549979
0.8199999999999998,9,577.7,False,5.424831186077761,1.921388898648492
1e-08,12,732.0,False,5.424831186077761,2.057916244976667
0.12,7,512.1,False,5.424831186077761,2.5732827881816354
0.86,7,512.1,False,5.424831186077761,2.5732827881816354
0.68,12,732.0,False,5.424831186077761,2.057916244976667
1.05,16,863.2,False,5.424831186077761,1.142694593549979
1.14,9,577.7,False,5.424831186077761,1.921388898648492
0.5,16,863.2,False,5.099367317338704,1.1128323899204167
0.61,9,577.7,False,5.099367317338704,1.8715622239785088
1.56,9,577.7,False,5.099367317338704,1.8715622239785088
2.13,16,863.2,False,5.099367317338704,1.1128323899204167
0.8199999999999998,9,577.7,False,5.099367317338704,1.8715622239785088
0.9399999999999998,16,863.2,False,5.099367317338704,1.1128323899204167
1.86,9,577.7,False,5.099367317338704,1.8715622239785088
1.39,16,863.2,False,5.099367317338704,1.1128323899204167
1.29,9,577.7,False,5.099367317338704,1.8715622239785088
0.88,16,863.2,False,5.099367317338704,1.1128323899204167
2.67,9,577.7,False,5.099367317338704,1.8715622239785088
2.12,16,863.2,False,5.099367317338704,1.1128323899204167
1.15,9,577.7,False,5.099367317338704,1.8715622239785088
1.0,16,863.2,False,5.099367317338704,1.1128323899204167
0.83,9,577.7,False,5.099367317338704,1.8715622239785088
0.66,16,863.2,False,5.099367317338704,1.1128323899204167
1.8000000000000003,9,577.7,False,5.099367317338704,1.8715622239785088
1.16,16,863.2,False,5.099367317338704,1.1128323899204167
0.49,9,577.7,False,5.099367317338704,1.8715622239785088
0.44,16,863.2,False,5.099367317338704,1.1128323899204167
1.8500000000000003,9,577.7,False,5.099367317338704,1.8715622239785088
1.16,16,863.2,False,5.099367317338704,1.1128323899204167
0.32,9,577.7,False,5.099367317338704,1.8715622239785088
0.2,16,863.2,False,5.099367317338704,1.1128323899204167
1.56,16,863.2,False,5.099367317338704,1.1128323899204167
1.7399999999999998,9,577.7,False,5.099367317338704,1.8715622239785088
0.68,9,577.7,False,5.099367317338704,1.8715622239785088
0.68,16,863.2,False,5.099367317338704,1.1128323899204167
0.8,12,732.0,False,5.099367317338704,2.004621420927576
1.5,7,512.1,False,5.099367317338704,2.506982904260823
1e-08,12,732.0,False,5.099367317338704,2.004621420927576
1e-08,7,512.1,False,5.099367317338704,2.506982904260823
0.78,9,577.7,False,5.099367317338704,1.8715622239785088
0.64,16,863.2,False,5.099367317338704,1.1128323899204167
0.14,16,863.2,False,4.492734650254572,1.0592172191248699
0.21,9,577.7,False,4.492734650254572,1.7820509525494663
0.88,9,577.7,False,4.492734650254572,1.7820509525494663
1.22,16,863.2,False,4.492734650254572,1.0592172191248699
0.17,9,577.7,False,4.492734650254572,1.7820509525494663
0.17,16,863.2,False,4.492734650254572,1.0592172191248699
1.01,9,577.7,False,4.492734650254572,1.7820509525494663
0.74,16,863.2,False,4.492734650254572,1.0592172191248699
0.9199999999999999,9,577.7,False,4.492734650254572,1.7820509525494663
0.55,16,863.2,False,4.492734650254572,1.0592172191248699
0.71,9,577.7,False,4.492734650254572,1.7820509525494663
0.52,16,863.2,False,4.492734650254572,1.0592172191248699
0.22,9,577.7,False,4.492734650254572,1.7820509525494663
0.22,16,863.2,False,4.492734650254572,1.0592172191248699
0.34,9,577.7,False,4.492734650254572,1.7820509525494663
0.19,16,863.2,False,4.492734650254572,1.0592172191248699
1.32,9,577.7,False,4.492734650254572,1.7820509525494663
0.91,16,863.2,False,4.492734650254572,1.0592172191248699
0.22,9,577.7,False,4.492734650254572,1.7820509525494663
0.15,16,863.2,False,4.492734650254572,1.0592172191248699
1.7399999999999998,9,577.7,False,4.492734650254572,1.7820509525494663
1.33,16,863.2,False,4.492734650254572,1.0592172191248699
0.13,16,863.2,False,4.492734650254572,1.0592172191248699
0.18,9,577.7,False,4.492734650254572,1.7820509525494663
0.75,9,577.7,False,4.492734650254572,1.7820509525494663
0.75,16,863.2,False,4.492734650254572,1.0592172191248699
1e-08,16,863.2,False,4.492734650254572,1.0592172191248699
0.14,9,577.7,False,4.492734650254572,1.7820509525494663
0.56,12,732.0,False,4.492734650254572,1.9088701167406377
0.78,7,512.1,False,4.492734650254572,2.387820851828547
0.28,7,512.1,False,4.492734650254572,2.387820851828547
0.28,12,732.0,False,4.492734650254572,1.9088701167406377
0.21,16,863.2,False,4.492734650254572,1.0592172191248699
0.25,9,577.7,False,4.492734650254572,1.7820509525494663
0.38,16,863.2,False,5.530519169272099,1.152561088748842
0.49,9,577.7,False,5.530519169272099,1.9378471623083398
0.83,9,577.7,False,5.530519169272099,1.9378471623083398
1.09,16,863.2,False,5.530519169272099,1.152561088748842
0.67,9,577.7,False,5.530519169272099,1.9378471623083398
0.83,16,863.2,False,5.530519169272099,1.152561088748842
1.0,9,577.7,False,5.530519169272099,1.9378471623083398
0.78,16,863.2,False,5.530519169272099,1.152561088748842
0.78,9,577.7,False,5.530519169272099,1.9378471623083398
0.39,16,863.2,False,5.530519169272099,1.152561088748842
0.93,9,577.7,False,5.530519169272099,1.9378471623083398
0.77,16,863.2,False,5.530519169272099,1.152561088748842
0.13,9,577.7,False,5.530519169272099,1.9378471623083398
0.13,16,863.2,False,5.530519169272099,1.152561088748842
0.69,9,577.7,False,5.530519169272099,1.9378471623083398
0.62,16,863.2,False,5.530519169272099,1.152561088748842
1.2,9,577.7,False,5.530519169272099,1.9378471623083398
1.0,16,863.2,False,5.530519169272099,1.152561088748842
0.55,9,577.7,False,5.530519169272099,1.9378471623083398
0.34,16,863.2,False,5.530519169272099,1.152561088748842
1.08,16,863.2,False,5.530519169272099,1.152561088748842
1.49,9,577.7,False,5.530519169272099,1.9378471623083398
0.59,9,577.7,False,5.530519169272099,1.9378471623083398
0.49,16,863.2,False,5.530519169272099,1.152561088748842
0.7,16,863.2,False,5.530519169272099,1.152561088748842
0.7,9,577.7,False,5.530519169272099,1.9378471623083398
0.45999999999999996,9,577.7,False,5.530519169272099,1.9378471623083398
0.35,16,863.2,False,5.530519169272099,1.152561088748842
1.02,12,732.0,False,5.530519169272099,2.0755192287144566
1.5,7,512.1,False,5.530519169272099,2.5951773012098114
0.3,7,512.1,False,5.530519169272099,2.5951773012098114
0.15,12,732.0,False,5.530519169272099,2.0755192287144566
0.5,9,577.7,False,5.530519169272099,1.9378471623083398
0.35,16,863.2,False,5.530519169272099,1.152561088748842
0.29,16,863.2,False,5.470770559603469,1.1469729616320958
0.35,9,577.7,False,5.470770559603469,1.9285259033140094
0.11,9,577.7,False,5.470770559603469,1.9285259033140094
0.21,16,863.2,False,5.470770559603469,1.1469729616320958
0.12,9,577.7,False,5.470770559603469,1.9285259033140094
0.22999999999999998,16,863.2,False,5.470770559603469,1.1469729616320958
0.2,9,577.7,False,5.470770559603469,1.9285259033140094
0.1,16,863.2,False,5.470770559603469,1.1469729616320958
1e-08,9,577.7,False,5.470770559603469,1.9285259033140094
1e-08,16,863.2,False,5.470770559603469,1.1469729616320958
0.32,9,577.7,False,5.470770559603469,1.9285259033140094
0.14,16,863.2,False,5.470770559603469,1.1469729616320958
0.2,9,577.7,False,5.470770559603469,1.9285259033140094
0.2,16,863.2,False,5.470770559603469,1.1469729616320958
0.83,9,577.7,False,5.470770559603469,1.9285259033140094
0.6,16,863.2,False,5.470770559603469,1.1469729616320958
0.44,9,577.7,False,5.470770559603469,1.9285259033140094
0.35,16,863.2,False,5.470770559603469,1.1469729616320958
0.48,16,863.2,False,5.470770559603469,1.1469729616320958
0.54,9,577.7,False,5.470770559603469,1.9285259033140094
0.18,9,577.7,False,5.470770559603469,1.9285259033140094
0.07,16,863.2,False,5.470770559603469,1.1469729616320958
0.21,16,863.2,False,5.470770559603469,1.1469729616320958
0.21,9,577.7,False,5.470770559603469,1.9285259033140094
1e-08,9,577.7,False,5.470770559603469,1.9285259033140094
1e-08,16,863.2,False,5.470770559603469,1.1469729616320958
0.24,16,863.2,False,5.470770559603469,1.1469729616320958
0.4699999999999999,9,577.7,False,5.470770559603469,1.9285259033140094
0.49,7,512.1,False,5.470770559603469,2.5827774884352426
0.49,12,732.0,False,5.470770559603469,2.0655497006113555
1e-08,12,732.0,False,5.470770559603469,2.0655497006113555
1e-08,7,512.1,False,5.470770559603469,2.5827774884352426
0.13,16,863.2,False,5.470770559603469,1.1469729616320958
0.17,9,577.7,False,5.470770559603469,1.9285259033140094
0.57,16,863.2,False,5.412810164339326,1.141577673175539
0.69,9,577.7,False,5.412810164339326,1.919525626895621
1.38,9,577.7,False,5.412810164339326,1.919525626895621
2.18,16,863.2,False,5.412810164339326,1.141577673175539
1.38,9,577.7,False,5.412810164339326,1.919525626895621
1.8799999999999997,16,863.2,False,5.412810164339326,1.141577673175539
2.01,9,577.7,False,5.412810164339326,1.919525626895621
1.34,16,863.2,False,5.412810164339326,1.141577673175539
1.26,9,577.7,False,5.412810164339326,1.919525626895621
0.66,16,863.2,False,5.412810164339326,1.141577673175539
1.8500000000000003,9,577.7,False,5.412810164339326,1.919525626895621
1.39,16,863.2,False,5.412810164339326,1.141577673175539
0.36,9,577.7,False,5.412810164339326,1.919525626895621
0.24,16,863.2,False,5.412810164339326,1.141577673175539
1.36,16,863.2,False,5.412810164339326,1.141577673175539
1.59,9,577.7,False,5.412810164339326,1.919525626895621
1.42,16,863.2,False,5.412810164339326,1.141577673175539
2.69,9,577.7,False,5.412810164339326,1.919525626895621
0.62,9,577.7,False,5.412810164339326,1.919525626895621
0.5,16,863.2,False,5.412810164339326,1.141577673175539
1.87,16,863.2,False,5.412810164339326,1.141577673175539
2.82,9,577.7,False,5.412810164339326,1.919525626895621
0.66,9,577.7,False,5.412810164339326,1.919525626895621
0.56,16,863.2,False,5.412810164339326,1.141577673175539
1.27,16,863.2,False,5.412810164339326,1.141577673175539
1.73,9,577.7,False,5.412810164339326,1.919525626895621
0.77,9,577.7,False,5.412810164339326,1.919525626895621
0.77,16,863.2,False,5.412810164339326,1.141577673175539
0.43,9,577.7,False,5.412810164339326,1.919525626895621
0.37,16,863.2,False,5.412810164339326,1.141577673175539
1.36,16,863.2,False,5.44483069861124,1.144555220786998
1.7000000000000002,9,577.7,False,5.44483069861124,1.9244927752504697
2.33,9,577.7,False,5.44483069861124,1.9244927752504697
3.2300000000000004,16,863.2,False,5.44483069861124,1.144555220786998
1.8399999999999999,9,577.7,False,5.44483069861124,1.9244927752504697
2.35,16,863.2,False,5.44483069861124,1.144555220786998
2.69,9,577.7,False,5.44483069861124,1.9244927752504697
1.9900000000000002,16,863.2,False,5.44483069861124,1.144555220786998
2.66,9,577.7,False,5.44483069861124,1.9244927752504697
2.31,16,863.2,False,5.44483069861124,1.144555220786998
0.37,16,863.2,False,5.44483069861124,1.144555220786998
0.73,9,577.7,False,5.44483069861124,1.9244927752504697
2.17,9,577.7,False,5.44483069861124,1.9244927752504697
1.79,16,863.2,False,5.44483069861124,1.144555220786998
3.8,9,577.7,False,5.44483069861124,1.9244927752504697
2.43,16,863.2,False,5.44483069861124,1.144555220786998
1.43,16,863.2,False,5.44483069861124,1.144555220786998
1.69,9,577.7,False,5.44483069861124,1.9244927752504697
3.03,9,577.7,False,5.44483069861124,1.9244927752504697
2.0,16,863.2,False,5.44483069861124,1.144555220786998
1.54,16,863.2,False,5.44483069861124,1.144555220786998
1.8399999999999999,9,577.7,False,5.44483069861124,1.9244927752504697
2.27,9,577.7,False,5.44483069861124,1.9244927752504697
1.48,16,863.2,False,5.44483069861124,1.144555220786998
0.9899999999999999,16,863.2,False,5.44483069861124,1.144555220786998
1.48,9,577.7,False,5.44483069861124,1.9244927752504697
1.28,16,863.2,False,5.44483069861124,1.144555220786998
1.7000000000000002,9,577.7,False,5.44483069861124,1.9244927752504697
1.43,16,863.2,False,5.353131220296927,1.1360486252881645
1.8399999999999999,9,577.7,False,5.353131220296927,1.910301521959813
2.74,9,577.7,False,5.353131220296927,1.910301521959813
3.8,16,863.2,False,5.353131220296927,1.1360486252881645
2.44,9,577.7,False,5.353131220296927,1.910301521959813
3.1300000000000003,16,863.2,False,5.353131220296927,1.1360486252881645
3.39,9,577.7,False,5.353131220296927,1.910301521959813
2.54,16,863.2,False,5.353131220296927,1.1360486252881645
2.73,16,863.2,False,5.353131220296927,1.1360486252881645
3.37,9,577.7,False,5.353131220296927,1.910301521959813
0.69,9,577.7,False,5.353131220296927,1.910301521959813
0.69,16,863.2,False,5.353131220296927,1.1360486252881645
1.6500000000000001,16,863.2,False,5.353131220296927,1.1360486252881645
2.2,9,577.7,False,5.353131220296927,1.910301521959813
3.5699999999999994,16,863.2,False,5.353131220296927,1.1360486252881645
4.14,9,577.7,False,5.353131220296927,1.910301521959813
1.51,9,577.7,False,5.353131220296927,1.910301521959813
1.01,16,863.2,False,5.353131220296927,1.1360486252881645
2.35,16,863.2,False,5.353131220296927,1.1360486252881645
3.8,9,577.7,False,5.353131220296927,1.910301521959813
2.03,9,577.7,False,5.353131220296927,1.910301521959813
1.59,16,863.2,False,5.353131220296927,1.1360486252881645
2.71,16,863.2,False,5.353131220296927,1.1360486252881645
3.5900000000000003,9,577.7,False,5.353131220296927,1.910301521959813
1.24,9,577.7,False,5.353131220296927,1.910301521959813
1.01,16,863.2,False,5.353131220296927,1.1360486252881645
2.33,9,577.7,False,5.353131220296927,1.910301521959813
1.9799999999999998,16,863.2,False,5.353131220296927,1.1360486252881645
0.36,16,863.2,False,5.436669935215733,1.1437956339644402
0.45000000000000007,9,577.7,False,5.436669935215733,1.9232256510115584
1.39,9,577.7,False,5.436669935215733,1.9232256510115584
2.16,16,863.2,False,5.436669935215733,1.1437956339644402
1.05,9,577.7,False,5.436669935215733,1.9232256510115584
1.32,16,863.2,False,5.436669935215733,1.1437956339644402
1.8399999999999999,9,577.7,False,5.436669935215733,1.9232256510115584
1.27,16,863.2,False,5.436669935215733,1.1437956339644402
1.15,9,577.7,False,5.436669935215733,1.9232256510115584
1.09,16,863.2,False,5.436669935215733,1.1437956339644402
0.35,16,863.2,False,5.436669935215733,1.1437956339644402
0.49,9,577.7,False,5.436669935215733,1.9232256510115584
0.49,9,577.7,False,5.436669935215733,1.9232256510115584
0.43,16,863.2,False,5.436669935215733,1.1437956339644402
3.2099999999999995,9,577.7,False,5.436669935215733,1.9232256510115584
1.83,16,863.2,False,5.436669935215733,1.1437956339644402
0.37,16,863.2,False,5.436669935215733,1.1437956339644402
0.5,9,577.7,False,5.436669935215733,1.9232256510115584
1.67,9,577.7,False,5.436669935215733,1.9232256510115584
1.04,16,863.2,False,5.436669935215733,1.1437956339644402
0.44,16,863.2,False,5.436669935215733,1.1437956339644402
0.5,9,577.7,False,5.436669935215733,1.9232256510115584
2.17,9,577.7,False,5.436669935215733,1.9232256510115584
1.36,16,863.2,False,5.436669935215733,1.1437956339644402
0.27,16,863.2,False,5.436669935215733,1.1437956339644402
0.27,9,577.7,False,5.436669935215733,1.9232256510115584
0.95,16,863.2,False,5.436669935215733,1.1437956339644402
1.16,9,577.7,False,5.436669935215733,1.9232256510115584
0.35,16,863.2,False,5.436669935215733,1.1437956339644402
0.45999999999999996,9,577.7,False,5.436669935215733,1.9232256510115584
0.93,16,863.2,False,5.507753076262124,1.1504286710823484
1.16,9,577.7,False,5.507753076262124,1.9342902740214347
2.06,9,577.7,False,5.507753076262124,1.9342902740214347
2.92,16,863.2,False,5.507753076262124,1.1504286710823484
1.29,9,577.7,False,5.507753076262124,1.9342902740214347
1.73,16,863.2,False,5.507753076262124,1.1504286710823484
2.4,9,577.7,False,5.507753076262124,1.9342902740214347
1.73,16,863.2,False,5.507753076262124,1.1504286710823484
1.44,16,863.2,False,5.507753076262124,1.1504286710823484
1.8799999999999997,9,577.7,False,5.507753076262124,1.9342902740214347
1.07,9,577.7,False,5.507753076262124,1.9342902740214347
0.75,16,863.2,False,5.507753076262124,1.1504286710823484
0.64,16,863.2,False,5.507753076262124,1.1504286710823484
0.9399999999999998,9,577.7,False,5.507753076262124,1.9342902740214347
2.9,16,863.2,False,5.507753076262124,1.1504286710823484
4.15,9,577.7,False,5.507753076262124,1.9342902740214347
1.28,9,577.7,False,5.507753076262124,1.9342902740214347
1.11,16,863.2,False,5.507753076262124,1.1504286710823484
1.8900000000000001,16,863.2,False,5.507753076262124,1.1504286710823484
2.66,9,577.7,False,5.507753076262124,1.9342902740214347
1.8500000000000003,9,577.7,False,5.507753076262124,1.9342902740214347
1.6,16,863.2,False,5.507753076262124,1.1504286710823484
1.86,16,863.2,False,5.507753076262124,1.1504286710823484
2.73,9,577.7,False,5.507753076262124,1.9342902740214347
1.86,9,577.7,False,5.507753076262124,1.9342902740214347
1.6,16,863.2,False,5.507753076262124,1.1504286710823484
1.27,9,577.7,False,5.507753076262124,1.9342902740214347
1.08,16,863.2,False,5.507753076262124,1.1504286710823484
1.6099999999999999,16,863.2,False,5.556296935352384,1.154980315110191
2.09,9,577.7,False,5.556296935352384,1.9418823229989362
2.88,9,577.7,False,5.556296935352384,1.9418823229989362
4.23,16,863.2,False,5.556296935352384,1.154980315110191
1.83,9,577.7,False,5.556296935352384,1.9418823229989362
2.59,16,863.2,False,5.556296935352384,1.154980315110191
3.56,9,577.7,False,5.556296935352384,1.9418823229989362
2.45,16,863.2,False,5.556296935352384,1.154980315110191
2.28,9,577.7,False,5.556296935352384,1.9418823229989362
1.71,16,863.2,False,5.556296935352384,1.154980315110191
1.03,16,863.2,False,5.556296935352384,1.154980315110191
1.41,9,577.7,False,5.556296935352384,1.9418823229989362
2.85,9,577.7,False,5.556296935352384,1.9418823229989362
2.3,16,863.2,False,5.556296935352384,1.154980315110191
4.34,9,577.7,False,5.556296935352384,1.9418823229989362
2.32,16,863.2,False,5.556296935352384,1.154980315110191
1.9,16,863.2,False,5.556296935352384,1.154980315110191
2.66,9,577.7,False,5.556296935352384,1.9418823229989362
5.08,9,577.7,False,5.556296935352384,1.9418823229989362
3.64,16,863.2,False,5.556296935352384,1.154980315110191
1.56,16,863.2,False,5.556296935352384,1.154980315110191
1.9799999999999998,9,577.7,False,5.556296935352384,1.9418823229989362
3.1,9,577.7,False,5.556296935352384,1.9418823229989362
1.9299999999999997,16,863.2,False,5.556296935352384,1.154980315110191
1.53,16,863.2,False,5.556296935352384,1.154980315110191
2.01,9,577.7,False,5.556296935352384,1.9418823229989362
1.01,16,863.2,False,5.556296935352384,1.154980315110191
1.6099999999999999,9,577.7,False,5.556296935352384,1.9418823229989362
1.6099999999999999,16,863.2,False,5.556296935352384,1.154980315110191
1.9900000000000002,9,577.7,False,5.556296935352384,1.9418823229989362
3.2400000000000007,16,863.2,False,5.459809014198292,1.1459506687357128
4.14,9,577.7,False,5.459809014198292,1.9268205929544517
2.56,9,577.7,False,5.459809014198292,1.9268205929544517
3.71,16,863.2,False,5.459809014198292,1.1459506687357128
3.56,9,577.7,False,5.459809014198292,1.9268205929544517
4.72,16,863.2,False,5.459809014198292,1.1459506687357128
4.36,9,577.7,False,5.459809014198292,1.9268205929544517
3.2099999999999995,16,863.2,False,5.459809014198292,1.1459506687357128
2.81,16,863.2,False,5.459809014198292,1.1459506687357128
3.9699999999999998,9,577.7,False,5.459809014198292,1.9268205929544517
1.94,9,577.7,False,5.459809014198292,1.9268205929544517
1.58,16,863.2,False,5.459809014198292,1.1459506687357128
3.26,16,863.2,False,5.459809014198292,1.1459506687357128
4.14,9,577.7,False,5.459809014198292,1.9268205929544517
3.44,16,863.2,False,5.459809014198292,1.1459506687357128
5.73,9,577.7,False,5.459809014198292,1.9268205929544517
4.74,9,577.7,False,5.459809014198292,1.9268205929544517
3.55,16,863.2,False,5.459809014198292,1.1459506687357128
5.17,16,863.2,False,5.459809014198292,1.1459506687357128
5.57,9,577.7,False,5.459809014198292,1.9268205929544517
4.12,9,577.7,False,5.459809014198292,1.9268205929544517
3.49,16,863.2,False,5.459809014198292,1.1459506687357128
5.14,16,863.2,False,5.459809014198292,1.1459506687357128
6.36,9,577.7,False,5.459809014198292,1.9268205929544517
5.82,9,577.7,False,5.459809014198292,1.9268205929544517
4.77,16,863.2,False,5.459809014198292,1.1459506687357128
3.32,9,577.7,False,5.459809014198292,1.9268205929544517
1.9900000000000002,16,863.2,False,5.459809014198292,1.1459506687357128
4.09,9,577.7,False,5.459809014198292,1.9268205929544517
2.85,16,863.2,False,5.459809014198292,1.1459506687357128
1.09,16,863.2,False,5.345832957146503,1.1353742855868183
1.27,9,577.7,False,5.345832957146503,1.90917647361615
3.29,9,577.7,False,5.345832957146503,1.90917647361615
4.27,16,863.2,False,5.345832957146503,1.1353742855868183
1.4,9,577.7,False,5.345832957146503,1.90917647361615
1.78,16,863.2,False,5.345832957146503,1.1353742855868183
3.3099999999999996,9,577.7,False,5.345832957146503,1.90917647361615
2.57,16,863.2,False,5.345832957146503,1.1353742855868183
1.51,9,577.7,False,5.345832957146503,1.90917647361615
1.15,16,863.2,False,5.345832957146503,1.1353742855868183
0.8699999999999999,16,863.2,False,5.345832957146503,1.1353742855868183
1.04,9,577.7,False,5.345832957146503,1.90917647361615
1.71,9,577.7,False,5.345832957146503,1.90917647361615
1.38,16,863.2,False,5.345832957146503,1.1353742855868183
4.96,9,577.7,False,5.345832957146503,1.90917647361615
4.49,16,863.2,False,5.345832957146503,1.1353742855868183
0.78,16,863.2,False,5.345832957146503,1.1353742855868183
0.88,9,577.7,False,5.345832957146503,1.90917647361615
4.13,9,577.7,False,5.345832957146503,1.90917647361615
3.09,16,863.2,False,5.345832957146503,1.1353742855868183
0.59,16,863.2,False,5.345832957146503,1.1353742855868183
1.17,9,577.7,False,5.345832957146503,1.90917647361615
3.8,9,577.7,False,5.345832957146503,1.90917647361615
3.19,16,863.2,False,5.345832957146503,1.1353742855868183
1.46,16,863.2,False,5.345832957146503,1.1353742855868183
1.6500000000000001,9,577.7,False,5.345832957146503,1.90917647361615
0.96,16,863.2,False,5.345832957146503,1.1353742855868183
1.01,9,577.7,False,5.345832957146503,1.90917647361615
0.74,16,863.2,False,5.518778562109071,1.151460901117089
0.89,9,577.7,False,5.518778562109071,1.936012054337084
1.43,9,577.7,False,5.518778562109071,1.936012054337084
2.61,16,863.2,False,5.518778562109071,1.151460901117089
0.9199999999999999,9,577.7,False,5.518778562109071,1.936012054337084
1.34,16,863.2,False,5.518778562109071,1.151460901117089
1.8900000000000001,9,577.7,False,5.518778562109071,1.936012054337084
1.14,16,863.2,False,5.518778562109071,1.151460901117089
0.8,16,863.2,False,5.518778562109071,1.151460901117089
1.24,9,577.7,False,5.518778562109071,1.936012054337084
0.45000000000000007,9,577.7,False,5.518778562109071,1.936012054337084
0.34,16,863.2,False,5.518778562109071,1.151460901117089
0.9199999999999999,16,863.2,False,5.518778562109071,1.151460901117089
1.1,9,577.7,False,5.518778562109071,1.936012054337084
1.6200000000000003,16,863.2,False,5.518778562109071,1.151460901117089
3.5900000000000003,9,577.7,False,5.518778562109071,1.936012054337084
0.8199999999999998,9,577.7,False,5.518778562109071,1.936012054337084
0.69,16,863.2,False,5.518778562109071,1.151460901117089
1.24,16,863.2,False,5.518778562109071,1.151460901117089
2.18,9,577.7,False,5.518778562109071,1.936012054337084
0.39,9,577.7,False,5.518778562109071,1.936012054337084
0.39,16,863.2,False,5.518778562109071,1.151460901117089
1.5700000000000003,16,863.2,False,5.518778562109071,1.151460901117089
1.8799999999999997,9,577.7,False,5.518778562109071,1.936012054337084
0.9399999999999998,9,577.7,False,5.518778562109071,1.936012054337084
0.86,16,863.2,False,5.518778562109071,1.151460901117089
0.27,16,863.2,False,5.518778562109071,1.151460901117089
1.08,9,577.7,False,5.518778562109071,1.936012054337084
0.69,9,577.7,False,5.518778562109071,1.936012054337084
0.55,16,863.2,False,5.518778562109071,1.151460901117089
0.22999999999999998,16,863.2,False,6.316296158130636,1.228604767217867
0.3,9,577.7,False,6.316296158130636,2.0646202615730127
1.0,9,577.7,False,6.316296158130636,2.0646202615730127
0.79,16,863.2,False,6.316296158130636,1.228604767217867
0.69,9,577.7,False,7.071308719612782,2.194061515131929
0.54,16,863.2,False,7.071308719612782,1.3063312096071236
1.31,9,577.7,False,7.071308719612782,2.194061515131929
0.8500000000000001,16,863.2,False,7.071308719612782,1.3063312096071236
0.35,9,577.7,False,6.536735385721763,2.1016202320601636
0.34,16,863.2,False,6.536735385721763,1.250813890218338
1.87,9,577.7,False,6.536735385721763,2.1016202320601636
1.5700000000000003,16,863.2,False,6.536735385721763,1.250813890218338
1.03,16,863.2,False,6.513079889533674,1.2484117520652478
1.29,9,577.7,False,6.513079889533674,2.097618862243008
2.52,9,577.7,False,6.513079889533674,2.097618862243008
2.08,16,863.2,False,6.513079889533674,1.2484117520652478
2.04,9,577.7,False,8.12098225884493,2.387281971208256
1.49,16,863.2,False,8.12098225884493,1.4225105625437278
4.0,9,577.7,False,8.12098225884493,2.387281971208256
2.5,16,863.2,False,8.12098225884493,1.4225105625437278
1.69,16,863.2,False,6.538412325310907,1.2509843510589793
2.69,9,577.7,False,6.538412325310907,2.101904172754884
3.01,9,577.7,False,6.538412325310907,2.101904172754884
2.67,16,863.2,False,6.538412325310907,1.2509843510589793
2.55,16,863.2,False,6.188373568549242,1.2158956787630504
2.75,16,863.2,False,6.188373568549242,1.2158956787630504
1.25,16,863.2,False,6.433145025178428,1.2403282806372524
0.3,16,863.2,False,6.433145025178428,1.2403282806372524
1.77,16,863.2,False,5.337962605120483,1.1346475298428558
1.07,16,863.2,False,5.337962605120483,1.1346475298428558
0.42,16,863.2,False,5.219182534568446,1.1237349459657164
0.35,16,863.2,False,6.587132979744676,1.2559468291648719
5.1,4,361.7,False,5.240586517091763,2.453145293836408
1.9,4,361.7,False,5.240586517091763,2.453145293836408
3.03,5,438.1,False,5.240586517091763,3.142712761767746
2.92,8,584.0,False,5.240586517091763,3.118945051531002
2.46,4,361.7,False,5.240586517091763,2.453145293836408
3.1300000000000003,5,438.1,False,5.240586517091763,3.142712761767746
3.44,8,584.0,False,5.240586517091763,3.118945051531002
1e-08,2,292.2,False,5.424831186077761,3.213478635700389
0.78,5,438.1,False,5.424831186077761,3.189193359258814
0.19,1,146.1,False,5.424831186077761,1.3306002851639838
2.02,4,361.7,False,5.424831186077761,2.489689369832704
0.57,4,361.7,False,5.424831186077761,2.489689369832704
2.57,5,438.1,False,5.424831186077761,3.189193359258814
2.18,8,584.0,False,5.424831186077761,3.165085612551103
0.1,4,361.7,False,5.424831186077761,2.489689369832704
0.49,5,438.1,False,5.424831186077761,3.189193359258814
0.49,8,584.0,False,5.424831186077761,3.165085612551103
9.32,2,292.2,False,5.099367317338704,3.1312144099973493
1.52,5,438.1,False,5.099367317338704,3.10753086952132
0.37,1,146.1,False,5.099367317338704,1.2958918860302355
2.68,4,361.7,False,5.099367317338704,2.4254896270679187
4.05,4,361.7,False,5.099367317338704,2.4254896270679187
1.05,5,438.1,False,5.099367317338704,3.10753086952132
0.84,8,584.0,False,5.099367317338704,3.0840207609060246
1.8900000000000001,4,361.7,False,5.099367317338704,2.4254896270679187
1.56,5,438.1,False,5.099367317338704,3.10753086952132
1.09,8,584.0,False,5.099367317338704,3.0840207609060246
1.44,2,292.2,False,4.492734650254572,2.9832892842358905
0.32,1,146.1,False,4.492734650254572,1.2335671089877636
2.25,2,292.2,False,4.492734650254572,2.9832892842358905
0.51,5,438.1,False,4.492734650254572,2.9606904070514863
0.15,1,146.1,False,4.492734650254572,1.2335671089877636
1.31,4,361.7,False,4.492734650254572,2.3101093335807974
2.58,4,361.7,False,4.492734650254572,2.3101093335807974
1.72,5,438.1,False,4.492734650254572,2.9606904070514863
1.51,8,584.0,False,4.492734650254572,2.938257535176253
1.72,4,361.7,False,4.492734650254572,2.3101093335807974
2.69,5,438.1,False,4.492734650254572,2.9606904070514863
1.6200000000000003,8,584.0,False,4.492734650254572,2.938257535176253
0.15,1,146.1,False,5.530519169272099,1.3420672092758261
0.98,2,292.2,False,5.530519169272099,3.240639008289166
5.16,2,292.2,False,5.530519169272099,3.240639008289166
0.13,1,146.1,False,5.530519169272099,1.3420672092758261
0.26,5,438.1,False,5.530519169272099,3.216155292950128
2.63,4,361.7,False,5.530519169272099,2.5108909671261768
5.39,4,361.7,False,5.530519169272099,2.5108909671261768
0.4099999999999999,5,438.1,False,5.530519169272099,3.216155292950128
0.4099999999999999,8,584.0,False,5.530519169272099,3.19185045525701
2.63,4,361.7,False,5.530519169272099,2.5108909671261768
3.25,8,584.0,False,5.530519169272099,3.19185045525701
3.25,5,438.1,False,5.530519169272099,3.216155292950128
0.24,2,292.2,False,5.470770559603469,3.2252572836846056
0.04,1,146.1,False,5.470770559603469,1.3355726869294515
1.81,2,292.2,False,5.470770559603469,3.2252572836846056
0.05,5,438.1,False,5.470770559603469,3.2008859361358324
0.04,1,146.1,False,5.470770559603469,1.3355726869294515
5.37,4,361.7,False,5.470770559603469,2.498883544585697
1.79,4,361.7,False,5.470770559603469,2.498883544585697
1.73,5,438.1,False,5.470770559603469,3.2008859361358324
1.56,8,584.0,False,5.470770559603469,3.176692703177596
1.46,4,361.7,False,5.470770559603469,2.498883544585697
1.54,5,438.1,False,5.470770559603469,3.2008859361358324
0.93,8,584.0,False,5.470770559603469,3.176692703177596
0.21,1,146.1,False,5.412810164339326,1.3293021671483674
1.1,2,292.2,False,5.412810164339326,3.210403371290331
6.98,2,292.2,False,5.412810164339326,3.210403371290331
0.29,1,146.1,False,5.412810164339326,1.3293021671483674
0.8500000000000001,5,438.1,False,5.412810164339326,3.1861405705282975
4.24,4,361.7,False,5.412810164339326,2.487288963514843
5.13,4,361.7,False,5.412810164339326,2.487288963514843
2.35,5,438.1,False,5.412810164339326,3.1861405705282975
1.95,8,584.0,False,5.412810164339326,3.162055146723561
4.78,4,361.7,False,5.412810164339326,2.487288963514843
5.17,8,584.0,False,5.412810164339326,3.162055146723561
5.78,5,438.1,False,5.412810164339326,3.1861405705282975
0.91,2,292.2,False,5.44483069861124,3.2186013002576828
0.29,1,146.1,False,5.44483069861124,1.3327627506621695
2.71,2,292.2,False,5.44483069861124,3.2186013002576828
2.74,5,438.1,False,5.44483069861124,3.194278587894745
0.96,1,146.1,False,5.44483069861124,1.3327627506621695
5.11,4,361.7,False,5.44483069861124,2.4936879563993304
10.06,4,361.7,False,5.44483069861124,2.4936879563993304
2.05,5,438.1,False,5.44483069861124,3.194278587894745
2.01,8,584.0,False,5.44483069861124,3.1701336596841427
4.12,4,361.7,False,5.44483069861124,2.4936879563993304
5.2,5,438.1,False,5.44483069861124,3.194278587894745
4.0,8,584.0,False,5.44483069861124,3.1701336596841427
0.31,1,146.1,False,5.353131220296927,1.322876072520042
0.93,2,292.2,False,5.353131220296927,3.1951781535033987
5.52,2,292.2,False,5.353131220296927,3.1951781535033987
0.51,1,146.1,False,5.353131220296927,1.322876072520042
1.78,5,438.1,False,5.353131220296927,3.1710266483851286
3.81,4,361.7,False,5.353131220296927,2.475405382879507
5.61,4,361.7,False,5.353131220296927,2.475405382879507
3.2400000000000007,5,438.1,False,5.353131220296927,3.1710266483851286
3.1400000000000006,8,584.0,False,5.353131220296927,3.1470517633754262
5.14,4,361.7,False,5.353131220296927,2.475405382879507
4.69,8,584.0,False,5.353131220296927,3.1470517633754262
6.800000000000001,5,438.1,False,5.353131220296927,3.1710266483851286
3.06,2,292.2,False,5.436669935215733,3.2165100538857043
0.8699999999999999,1,146.1,False,5.436669935215733,1.3318799422975411
4.14,2,292.2,False,5.436669935215733,3.2165100538857043
3.46,5,438.1,False,5.436669935215733,3.192202623651174
1.35,1,146.1,False,5.436669935215733,1.3318799422975411
0.9399999999999998,4,361.7,False,5.436669935215733,2.492055585482296
1.9299999999999997,4,361.7,False,5.436669935215733,2.492055585482296
0.97,5,438.1,False,5.436669935215733,3.192202623651174
0.88,8,584.0,False,5.436669935215733,3.1680728737174335
1.22,4,361.7,False,5.436669935215733,2.492055585482296
3.25,5,438.1,False,5.436669935215733,3.192202623651174
2.32,8,584.0,False,5.436669935215733,3.1680728737174335
3.94,2,292.2,False,5.507753076262124,3.2347697460004903
0.89,1,146.1,False,5.507753076262124,1.3395889273236874
3.0,5,438.1,False,5.507753076262124,3.2103289029326105
4.84,4,361.7,False,5.507753076262124,2.5063091484891515
6.07,4,361.7,False,5.507753076262124,2.5063091484891515
1.86,5,438.1,False,5.507753076262124,3.2103289029326105
1.53,8,584.0,False,5.507753076262124,3.1860666464434013
4.47,8,584.0,False,5.507753076262124,3.1860666464434013
5.66,5,438.1,False,5.507753076262124,3.2103289029326105
8.52,2,292.2,False,5.556296935352384,3.2472971268168767
0.9399999999999998,5,438.1,False,5.556296935352384,3.22276478343858
0.3,1,146.1,False,5.556296935352384,1.3448787971419403
7.109999999999999,4,361.7,False,5.556296935352384,2.516088755106149
7.629999999999999,4,361.7,False,5.556296935352384,2.516088755106149
4.78,5,438.1,False,5.556296935352384,3.22276478343858
4.12,8,584.0,False,5.556296935352384,3.1984116477528692
5.27,5,438.1,False,5.556296935352384,3.22276478343858
4.72,8,584.0,False,5.556296935352384,3.1984116477528692
9.62,2,292.2,False,5.459809014198292,3.2224430074809636
0.77,1,146.1,False,5.459809014198292,1.3343845648760344
2.32,5,438.1,False,5.459809014198292,3.1980922229744144
6.260000000000001,4,361.7,False,5.459809014198292,2.4966867315855237
10.35,4,361.7,False,5.459809014198292,2.4966867315855237
5.8,5,438.1,False,5.459809014198292,3.1980922229744144
5.08,8,584.0,False,5.459809014198292,3.1739194133611877
8.07,8,584.0,False,5.459809014198292,3.1739194133611877
8.92,5,438.1,False,5.459809014198292,3.1980922229744144
7.670000000000001,2,292.2,False,5.345832957146503,3.1933210278809647
0.45000000000000007,5,438.1,False,5.345832957146503,3.1691831007248004
0.17,1,146.1,False,5.345832957146503,1.322092318149206
5.06,4,361.7,False,5.345832957146503,2.473955917583548
8.83,4,361.7,False,5.345832957146503,2.473955917583548
1.5,5,438.1,False,5.345832957146503,3.1691831007248004
1.5,8,584.0,False,5.345832957146503,3.1452217013052834
7.3,5,438.1,False,5.345832957146503,3.1691831007248004
6.39,8,584.0,False,5.345832957146503,3.1452217013052834
8.36,2,292.2,False,5.518778562109071,3.2376109112553273
2.06,4,361.7,False,5.518778562109071,2.5085270783646583
3.3300000000000005,4,361.7,False,5.518778562109071,2.5085270783646583
2.13,5,438.1,False,5.518778562109071,3.2131493141104936
2.05,8,584.0,False,5.518778562109071,3.1888664444573998
3.27,8,584.0,False,5.518778562109071,3.1888664444573998
4.03,5,438.1,False,5.518778562109071,3.2131493141104936
0.08,1,146.1,False,6.316296158130636,1.4304331872277487
0.29,5,438.1,False,6.316296158130636,3.4236351022461893
2.06,4,361.7,False,6.316296158130636,2.6741300415330143
2.8,4,361.7,False,6.316296158130636,2.6741300415330143
1.37,5,438.1,False,6.316296158130636,3.4236351022461893
1.2,8,584.0,False,6.316296158130636,3.3978173632906783
4.94,5,438.1,False,6.316296158130636,3.4236351022461893
4.56,8,584.0,False,6.316296158130636,3.3978173632906783
0.07,1,146.1,False,7.071308719612782,1.520731511724138
0.2,5,438.1,False,7.071308719612782,3.635117180008174
3.32,4,361.7,False,7.071308719612782,2.8406760802585533
4.26,4,361.7,False,7.071308719612782,2.8406760802585533
2.85,5,438.1,False,7.071308719612782,3.635117180008174
2.65,8,584.0,False,7.071308719612782,3.6077642241514454
2.84,5,438.1,False,7.071308719612782,3.635117180008174
2.58,8,584.0,False,7.071308719612782,3.6077642241514454
0.43,5,438.1,False,6.536735385721763,3.484123477319409
0.13,1,146.1,False,6.536735385721763,1.456236912451151
2.89,4,361.7,False,6.536735385721763,2.72174944635244
1.91,5,438.1,False,6.536735385721763,3.484123477319409
1.82,8,584.0,False,6.536735385721763,3.457865925664897
7.85,5,438.1,False,6.536735385721763,3.484123477319409
6.49,8,584.0,False,6.536735385721763,3.457865925664897
3.9800000000000004,4,361.7,False,6.513079889533674,2.7166001477165844
2.38,5,438.1,False,6.513079889533674,3.477583399421196
2.15,8,584.0,False,6.513079889533674,3.451373373509734
6.03,8,584.0,False,6.513079889533674,3.451373373509734
7.9399999999999995,5,438.1,False,6.513079889533674,3.477583399421196
0.26,1,146.1,False,8.12098225884493,1.6556588079735435
0.71,5,438.1,False,8.12098225884493,3.950119058180684
4.11,4,361.7,False,8.12098225884493,3.0890422827665054
1.06,8,584.0,False,8.12098225884493,3.9204922578384163
1.15,5,438.1,False,8.12098225884493,3.950119058180684
2.86,5,438.1,False,6.538412325310907,3.4845875535919233
1.19,1,146.1,False,6.538412325310907,1.4564349554346883
11.0,4,361.7,False,6.538412325310907,2.7221148403585165
5.69,5,438.1,False,6.538412325310907,3.4845875535919233
4.8,8,584.0,False,6.538412325310907,3.458326629818277
5.1,4,361.7,False,5.240586517091763,2.453145293836408
1.9,4,361.7,False,5.240586517091763,2.453145293836408
3.03,5,438.1,False,5.240586517091763,3.142712761767746
2.92,8,584.0,False,5.240586517091763,3.118945051531002
2.46,4,361.7,False,5.240586517091763,2.453145293836408
3.1300000000000003,5,438.1,False,5.240586517091763,3.142712761767746
3.44,8,584.0,False,5.240586517091763,3.118945051531002
1e-08,2,292.2,False,5.424831186077761,3.213478635700389
0.78,5,438.1,False,5.424831186077761,3.189193359258814
0.19,1,146.1,False,5.424831186077761,1.3306002851639838
2.02,4,361.7,False,5.424831186077761,2.489689369832704
0.57,4,361.7,False,5.424831186077761,2.489689369832704
2.57,5,438.1,False,5.424831186077761,3.189193359258814
2.18,8,584.0,False,5.424831186077761,3.165085612551103
0.1,4,361.7,False,5.424831186077761,2.489689369832704
0.49,5,438.1,False,5.424831186077761,3.189193359258814
0.49,8,584.0,False,5.424831186077761,3.165085612551103
9.32,2,292.2,False,5.099367317338704,3.1312144099973493
1.52,5,438.1,False,5.099367317338704,3.10753086952132
0.37,1,146.1,False,5.099367317338704,1.2958918860302355
2.68,4,361.7,False,5.099367317338704,2.4254896270679187
4.05,4,361.7,False,5.099367317338704,2.4254896270679187
1.05,5,438.1,False,5.099367317338704,3.10753086952132
0.84,8,584.0,False,5.099367317338704,3.0840207609060246
1.8900000000000001,4,361.7,False,5.099367317338704,2.4254896270679187
1.56,5,438.1,False,5.099367317338704,3.10753086952132
1.09,8,584.0,False,5.099367317338704,3.0840207609060246
1.44,2,292.2,False,4.492734650254572,2.9832892842358905
0.32,1,146.1,False,4.492734650254572,1.2335671089877636
2.25,2,292.2,False,4.492734650254572,2.9832892842358905
0.51,5,438.1,False,4.492734650254572,2.9606904070514863
0.15,1,146.1,False,4.492734650254572,1.2335671089877636
1.31,4,361.7,False,4.492734650254572,2.3101093335807974
2.58,4,361.7,False,4.492734650254572,2.3101093335807974
1.72,5,438.1,False,4.492734650254572,2.9606904070514863
1.51,8,584.0,False,4.492734650254572,2.938257535176253
1.72,4,361.7,False,4.492734650254572,2.3101093335807974
2.69,5,438.1,False,4.492734650254572,2.9606904070514863
1.6200000000000003,8,584.0,False,4.492734650254572,2.938257535176253
0.15,1,146.1,False,5.530519169272099,1.3420672092758261
0.98,2,292.2,False,5.530519169272099,3.240639008289166
5.16,2,292.2,False,5.530519169272099,3.240639008289166
0.13,1,146.1,False,5.530519169272099,1.3420672092758261
0.26,5,438.1,False,5.530519169272099,3.216155292950128
2.63,4,361.7,False,5.530519169272099,2.5108909671261768
5.39,4,361.7,False,5.530519169272099,2.5108909671261768
0.4099999999999999,5,438.1,False,5.530519169272099,3.216155292950128
0.4099999999999999,8,584.0,False,5.530519169272099,3.19185045525701
2.63,4,361.7,False,5.530519169272099,2.5108909671261768
3.25,8,584.0,False,5.530519169272099,3.19185045525701
3.25,5,438.1,False,5.530519169272099,3.216155292950128
0.24,2,292.2,False,5.470770559603469,3.2252572836846056
0.04,1,146.1,False,5.470770559603469,1.3355726869294515
1.81,2,292.2,False,5.470770559603469,3.2252572836846056
0.05,5,438.1,False,5.470770559603469,3.2008859361358324
0.04,1,146.1,False,5.470770559603469,1.3355726869294515
5.37,4,361.7,False,5.470770559603469,2.498883544585697
1.79,4,361.7,False,5.470770559603469,2.498883544585697
1.73,5,438.1,False,5.470770559603469,3.2008859361358324
1.56,8,584.0,False,5.470770559603469,3.176692703177596
1.46,4,361.7,False,5.470770559603469,2.498883544585697
1.54,5,438.1,False,5.470770559603469,3.2008859361358324
0.93,8,584.0,False,5.470770559603469,3.176692703177596
0.21,1,146.1,False,5.412810164339326,1.3293021671483674
1.1,2,292.2,False,5.412810164339326,3.210403371290331
6.98,2,292.2,False,5.412810164339326,3.210403371290331
0.29,1,146.1,False,5.412810164339326,1.3293021671483674
0.8500000000000001,5,438.1,False,5.412810164339326,3.1861405705282975
4.24,4,361.7,False,5.412810164339326,2.487288963514843
5.13,4,361.7,False,5.412810164339326,2.487288963514843
2.35,5,438.1,False,5.412810164339326,3.1861405705282975
1.95,8,584.0,False,5.412810164339326,3.162055146723561
4.78,4,361.7,False,5.412810164339326,2.487288963514843
5.17,8,584.0,False,5.412810164339326,3.162055146723561
5.78,5,438.1,False,5.412810164339326,3.1861405705282975
0.91,2,292.2,False,5.44483069861124,3.2186013002576828
0.29,1,146.1,False,5.44483069861124,1.3327627506621695
2.71,2,292.2,False,5.44483069861124,3.2186013002576828
2.74,5,438.1,False,5.44483069861124,3.194278587894745
0.96,1,146.1,False,5.44483069861124,1.3327627506621695
5.11,4,361.7,False,5.44483069861124,2.4936879563993304
10.06,4,361.7,False,5.44483069861124,2.4936879563993304
2.05,5,438.1,False,5.44483069861124,3.194278587894745
2.01,8,584.0,False,5.44483069861124,3.1701336596841427
4.12,4,361.7,False,5.44483069861124,2.4936879563993304
5.2,5,438.1,False,5.44483069861124,3.194278587894745
4.0,8,584.0,False,5.44483069861124,3.1701336596841427
0.31,1,146.1,False,5.353131220296927,1.322876072520042
0.93,2,292.2,False,5.353131220296927,3.1951781535033987
5.52,2,292.2,False,5.353131220296927,3.1951781535033987
0.51,1,146.1,False,5.353131220296927,1.322876072520042
1.78,5,438.1,False,5.353131220296927,3.1710266483851286
3.81,4,361.7,False,5.353131220296927,2.475405382879507
5.61,4,361.7,False,5.353131220296927,2.475405382879507
3.2400000000000007,5,438.1,False,5.353131220296927,3.1710266483851286
3.1400000000000006,8,584.0,False,5.353131220296927,3.1470517633754262
5.14,4,361.7,False,5.353131220296927,2.475405382879507
4.69,8,584.0,False,5.353131220296927,3.1470517633754262
6.800000000000001,5,438.1,False,5.353131220296927,3.1710266483851286
3.06,2,292.2,False,5.436669935215733,3.2165100538857043
0.8699999999999999,1,146.1,False,5.436669935215733,1.3318799422975411
4.14,2,292.2,False,5.436669935215733,3.2165100538857043
3.46,5,438.1,False,5.436669935215733,3.192202623651174
1.35,1,146.1,False,5.436669935215733,1.3318799422975411
0.9399999999999998,4,361.7,False,5.436669935215733,2.492055585482296
1.9299999999999997,4,361.7,False,5.436669935215733,2.492055585482296
0.97,5,438.1,False,5.436669935215733,3.192202623651174
0.88,8,584.0,False,5.436669935215733,3.1680728737174335
1.22,4,361.7,False,5.436669935215733,2.492055585482296
3.25,5,438.1,False,5.436669935215733,3.192202623651174
2.32,8,584.0,False,5.436669935215733,3.1680728737174335
3.94,2,292.2,False,5.507753076262124,3.2347697460004903
0.89,1,146.1,False,5.507753076262124,1.3395889273236874
3.0,5,438.1,False,5.507753076262124,3.2103289029326105
4.84,4,361.7,False,5.507753076262124,2.5063091484891515
6.07,4,361.7,False,5.507753076262124,2.5063091484891515
1.86,5,438.1,False,5.507753076262124,3.2103289029326105
1.53,8,584.0,False,5.507753076262124,3.1860666464434013
4.47,8,584.0,False,5.507753076262124,3.1860666464434013
5.66,5,438.1,False,5.507753076262124,3.2103289029326105
8.52,2,292.2,False,5.556296935352384,3.2472971268168767
0.9399999999999998,5,438.1,False,5.556296935352384,3.22276478343858
0.3,1,146.1,False,5.556296935352384,1.3448787971419403
7.109999999999999,4,361.7,False,5.556296935352384,2.516088755106149
7.629999999999999,4,361.7,False,5.556296935352384,2.516088755106149
4.78,5,438.1,False,5.556296935352384,3.22276478343858
4.12,8,584.0,False,5.556296935352384,3.1984116477528692
5.27,5,438.1,False,5.556296935352384,3.22276478343858
4.72,8,584.0,False,5.556296935352384,3.1984116477528692
9.62,2,292.2,False,5.459809014198292,3.2224430074809636
0.77,1,146.1,False,5.459809014198292,1.3343845648760344
2.32,5,438.1,False,5.459809014198292,3.1980922229744144
6.260000000000001,4,361.7,False,5.459809014198292,2.4966867315855237
10.35,4,361.7,False,5.459809014198292,2.4966867315855237
5.8,5,438.1,False,5.459809014198292,3.1980922229744144
5.08,8,584.0,False,5.459809014198292,3.1739194133611877
8.07,8,584.0,False,5.459809014198292,3.1739194133611877
8.92,5,438.1,False,5.459809014198292,3.1980922229744144
7.670000000000001,2,292.2,False,5.345832957146503,3.1933210278809647
0.45000000000000007,5,438.1,False,5.345832957146503,3.1691831007248004
0.17,1,146.1,False,5.345832957146503,1.322092318149206
5.06,4,361.7,False,5.345832957146503,2.473955917583548
8.83,4,361.7,False,5.345832957146503,2.473955917583548
1.5,5,438.1,False,5.345832957146503,3.1691831007248004
1.5,8,584.0,False,5.345832957146503,3.1452217013052834
7.3,5,438.1,False,5.345832957146503,3.1691831007248004
6.39,8,584.0,False,5.345832957146503,3.1452217013052834
8.36,2,292.2,False,5.518778562109071,3.2376109112553273
2.06,4,361.7,False,5.518778562109071,2.5085270783646583
3.3300000000000005,4,361.7,False,5.518778562109071,2.5085270783646583
2.13,5,438.1,False,5.518778562109071,3.2131493141104936
2.05,8,584.0,False,5.518778562109071,3.1888664444573998
3.27,8,584.0,False,5.518778562109071,3.1888664444573998
4.03,5,438.1,False,5.518778562109071,3.2131493141104936
0.08,1,146.1,False,6.316296158130636,1.4304331872277487
0.29,5,438.1,False,6.316296158130636,3.4236351022461893
2.06,4,361.7,False,6.316296158130636,2.6741300415330143
2.8,4,361.7,False,6.316296158130636,2.6741300415330143
1.37,5,438.1,False,6.316296158130636,3.4236351022461893
1.2,8,584.0,False,6.316296158130636,3.3978173632906783
4.94,5,438.1,False,6.316296158130636,3.4236351022461893
4.56,8,584.0,False,6.316296158130636,3.3978173632906783
0.07,1,146.1,False,7.071308719612782,1.520731511724138
0.2,5,438.1,False,7.071308719612782,3.635117180008174
3.32,4,361.7,False,7.071308719612782,2.8406760802585533
4.26,4,361.7,False,7.071308719612782,2.8406760802585533
2.85,5,438.1,False,7.071308719612782,3.635117180008174
2.65,8,584.0,False,7.071308719612782,3.6077642241514454
2.84,5,438.1,False,7.071308719612782,3.635117180008174
2.58,8,584.0,False,7.071308719612782,3.6077642241514454
0.43,5,438.1,False,6.536735385721763,3.484123477319409
0.13,1,146.1,False,6.536735385721763,1.456236912451151
2.89,4,361.7,False,6.536735385721763,2.72174944635244
1.91,5,438.1,False,6.536735385721763,3.484123477319409
1.82,8,584.0,False,6.536735385721763,3.457865925664897
7.85,5,438.1,False,6.536735385721763,3.484123477319409
6.49,8,584.0,False,6.536735385721763,3.457865925664897
3.9800000000000004,4,361.7,False,6.513079889533674,2.7166001477165844
2.38,5,438.1,False,6.513079889533674,3.477583399421196
2.15,8,584.0,False,6.513079889533674,3.451373373509734
6.03,8,584.0,False,6.513079889533674,3.451373373509734
7.9399999999999995,5,438.1,False,6.513079889533674,3.477583399421196
0.26,1,146.1,False,8.12098225884493,1.6556588079735435
0.71,5,438.1,False,8.12098225884493,3.950119058180684
4.11,4,361.7,False,8.12098225884493,3.0890422827665054
1.06,8,584.0,False,8.12098225884493,3.9204922578384163
1.15,5,438.1,False,8.12098225884493,3.950119058180684
2.86,5,438.1,False,6.538412325310907,3.4845875535919233
1.19,1,146.1,False,6.538412325310907,1.4564349554346883
11.0,4,361.7,False,6.538412325310907,2.7221148403585165
5.69,5,438.1,False,6.538412325310907,3.4845875535919233
4.8,8,584.0,False,6.538412325310907,3.458326629818277
0.4099999999999999,8,577.1,True,6.587132979744676,1.6346227079626487
0.37,8,577.1,True,5.219182534568446,1.4631387746123123
1.08,8,577.1,True,5.337962605120483,1.4772980628393404
1.34,8,577.1,True,6.433145025178428,1.6143720578786187
2.53,8,577.1,True,6.188373568549242,1.5826894347968326
1.22,8,577.1,True,6.538412325310907,1.6281886825695018
1.33,8,577.1,True,8.12098225884493,1.850465331977058
0.61,8,577.1,True,6.513079889533674,1.6248531417903105
0.31,8,577.1,True,6.536735385721763,1.6279676706993398
0.55,8,577.1,True,7.071308719612782,1.699936770870178
0.22,8,577.1,True,6.316296158130636,1.5991703514144113
0.72,8,577.1,True,5.518778562109071,1.499111889139923
1.23,8,577.1,True,5.345832957146503,1.4782410089201967
3.39,8,577.1,True,5.459809014198292,1.491963108551243
1.8000000000000003,8,577.1,True,5.556296935352384,1.5036777264410115
0.9000000000000001,8,577.1,True,5.507753076262124,1.4977727287206917
0.35,8,577.1,True,5.436669935215733,1.4891671772046475
0.88,8,577.1,True,5.353131220296927,1.4791159428474805
1.73,8,577.1,True,5.44483069861124,1.4901526655541109
0.98,8,577.1,True,5.412810164339326,1.48628956752077
1.02,8,577.1,True,5.470770559603469,1.4932894133762564
0.53,8,577.1,True,5.530519169272099,1.500539204839426
0.31,8,577.1,True,4.492734650254572,1.3794064862936843
0.37,8,577.1,True,5.099367317338704,1.4489915549865107
0.49,8,577.1,True,5.424831186077761,1.4877386786641589
0.28,9,614.1,True,6.587132979744676,1.7857988599075714
1.18,9,614.1,True,5.219182534568446,1.5987131985381757
6.67,9,614.1,True,5.337962605120483,1.6141629939956201
0.84,9,614.1,True,6.433145025178428,1.7637089330224147
2.82,9,614.1,True,6.188373568549242,1.7291470301062835
2.46,9,614.1,True,6.538412325310907,1.7787805516750002
1.39,9,614.1,True,8.12098225884493,2.021193259865229
1.08,9,614.1,True,6.513079889533674,1.775142072354292
0.51,9,614.1,True,6.536735385721763,1.7785394678994901
0.45999999999999996,9,614.1,True,7.071308719612782,1.8570393783875914
0.31,9,614.1,True,6.316296158130636,1.7471259701778499
0.72,9,614.1,True,5.518778562109071,1.6379641730458112
1.44,9,614.1,True,5.345832957146503,1.6151918675487036
2.62,9,614.1,True,5.459809014198292,1.6301642090196962
1.34,9,614.1,True,5.556296935352384,1.6429458582375718
0.88,9,614.1,True,5.507753076262124,1.6365030362962762
0.43,9,614.1,True,5.436669935215733,1.6271135673629047
0.95,9,614.1,True,5.353131220296927,1.6161465295998305
1.44,9,614.1,True,5.44483069861124,1.6281888358715302
0.4,9,614.1,True,5.412810164339326,1.6239737896933566
0.91,9,614.1,True,5.470770559603469,1.6316113350623322
0.62,9,614.1,True,5.530519169272099,1.6395214905759459
0.31,9,614.1,True,5.099367317338704,1.58327616073783
0.51,9,614.1,True,5.424831186077761,1.6255549259210818
1.27,10,642.7,True,6.433145025178428,1.7067754128999204
2.09,10,642.7,True,6.188373568549242,1.673310183799949
1.07,10,642.7,True,6.538412325310907,1.7213690363631868
0.6,10,642.7,True,6.513079889533674,1.7178459378892632
0.17,10,642.7,True,6.536735385721763,1.7211355974028568
0.72,10,642.7,True,7.071308719612782,1.7971482146316264
1.24,10,642.7,True,5.518778562109071,1.5850242717549197
0.89,10,642.7,True,5.345832957146503,1.562976284393514
2.47,10,642.7,True,5.459809014198292,1.5774723638310826
1.48,10,642.7,True,5.556296935352384,1.5898475485999275
0.91,10,642.7,True,5.507753076262124,1.5836095994381325
0.48,10,642.7,True,5.436669935215733,1.574518749854895
0.89,10,642.7,True,5.353131220296927,1.5639005749070691
1.16,10,642.7,True,5.44483069861124,1.5755598180599142
0.48,10,642.7,True,5.412810164339326,1.571478841079384
1.01,10,642.7,True,5.530519169272099,1.5865320677802508
0.61,10,642.7,True,5.099367317338704,1.5320762749160861
0.7,10,642.7,True,5.424831186077761,1.5730096843231307
1.87,8,577.1,True,5.337962605120483,1.4772980628393404
0.34,8,577.1,True,6.433145025178428,1.6143720578786187
2.69,8,577.1,True,6.188373568549242,1.5826894347968326
3.5000000000000004,8,577.1,True,6.538412325310907,1.6281886825695018
3.09,8,577.1,True,8.12098225884493,1.850465331977058
3.91,8,577.1,True,6.513079889533674,1.6248531417903105
1.73,8,577.1,True,6.536735385721763,1.6279676706993398
0.91,8,577.1,True,7.071308719612782,1.699936770870178
0.97,8,577.1,True,6.316296158130636,1.5991703514144113
1.23,8,577.1,True,5.518778562109071,1.499111889139923
4.25,8,577.1,True,5.345832957146503,1.4782410089201967
3.88,8,577.1,True,5.459809014198292,1.491963108551243
3.06,8,577.1,True,5.556296935352384,1.5036777264410115
2.38,8,577.1,True,5.507753076262124,1.4977727287206917
1.6099999999999999,8,577.1,True,5.436669935215733,1.4891671772046475
1.46,8,577.1,True,5.353131220296927,1.4791159428474805
2.79,8,577.1,True,5.44483069861124,1.4901526655541109
2.23,8,577.1,True,5.412810164339326,1.48628956752077
0.15,8,577.1,True,5.470770559603469,1.4932894133762564
0.59,8,577.1,True,5.530519169272099,1.500539204839426
1.14,8,577.1,True,4.492734650254572,1.3794064862936843
1.6200000000000003,8,577.1,True,5.099367317338704,1.4489915549865107
4.44,9,614.1,True,6.188373568549242,1.7291470301062835
3.37,9,614.1,True,6.538412325310907,1.7787805516750002
1.6099999999999999,9,614.1,True,6.513079889533674,1.775142072354292
2.75,9,614.1,True,6.536735385721763,1.7785394678994901
0.8699999999999999,9,614.1,True,7.071308719612782,1.8570393783875914
0.62,9,614.1,True,6.316296158130636,1.7471259701778499
1.56,9,614.1,True,5.518778562109071,1.6379641730458112
4.85,9,614.1,True,5.345832957146503,1.6151918675487036
5.09,9,614.1,True,5.459809014198292,1.6301642090196962
4.93,9,614.1,True,5.556296935352384,1.6429458582375718
2.64,9,614.1,True,5.507753076262124,1.6365030362962762
1.56,9,614.1,True,5.436669935215733,1.6271135673629047
3.7000000000000006,9,614.1,True,5.353131220296927,1.6161465295998305
2.98,9,614.1,True,5.44483069861124,1.6281888358715302
1.6200000000000003,9,614.1,True,5.412810164339326,1.6239737896933566
0.15,9,614.1,True,5.470770559603469,1.6316113350623322
1.24,9,614.1,True,5.530519169272099,1.6395214905759459
1.38,9,614.1,True,4.492734650254572,1.5073409628262768
1.8500000000000003,9,614.1,True,5.099367317338704,1.58327616073783
2.99,10,642.7,True,6.188373568549242,1.673310183799949
2.73,10,642.7,True,6.538412325310907,1.7213690363631868
2.22,10,642.7,True,6.513079889533674,1.7178459378892632
2.2,10,642.7,True,6.536735385721763,1.7211355974028568
0.63,10,642.7,True,7.071308719612782,1.7971482146316264
1.16,10,642.7,True,5.518778562109071,1.5850242717549197
4.66,10,642.7,True,5.345832957146503,1.562976284393514
2.44,10,642.7,True,5.459809014198292,1.5774723638310826
1.25,10,642.7,True,5.556296935352384,1.5898475485999275
1.67,10,642.7,True,5.507753076262124,1.5836095994381325
0.96,10,642.7,True,5.436669935215733,1.574518749854895
2.46,10,642.7,True,5.353131220296927,1.5639005749070691
3.6699999999999995,10,642.7,True,5.44483069861124,1.5755598180599142
1.13,10,642.7,True,5.412810164339326,1.571478841079384
1.71,10,642.7,True,5.530519169272099,1.5865320677802508
1.55,10,642.7,True,4.492734650254572,1.4585602722834716
1.83,10,642.7,True,5.099367317338704,1.5320762749160861
