Project,Date,Outflow (kcfs),Spill (kcfs),Spill Percent (%),Inflow (kcfs),Temp (Scroll Case) (C),Temperature (C),Barometric Pressure (mmHg),Dissolved Gas (mmHg),Dissolved Gas Percent (%),Turbidity (ft),Elevation (ft)
LGS,2017-01-01,18.58,0.00,0.00,19.30,,,,,,,636.89
LGS,2017-01-02,17.06,0.00,0.00,17.20,,,,,,,636.94
LGS,2017-01-03,20.16,0.00,0.00,20.70,,,,,,,636.88
LGS,2017-01-04,22.28,0.00,0.00,22.10,,,,,,,636.91
LGS,2017-01-05,23.58,0.00,0.00,21.60,,,,,,,636.80
LGS,2017-01-06,25.50,0.00,0.00,26.50,,,,,,,636.68
LGS,2017-01-07,22.73,0.00,0.00,21.70,,,,,,,636.60
LGS,2017-01-08,21.23,0.00,0.00,19.60,,,,,,,636.57
LGS,2017-01-09,20.36,0.00,0.00,22.70,,,,,,,636.54
LGS,2017-01-10,25.35,0.00,0.00,27.60,,,,,,,636.97
LGS,2017-01-11,30.07,0.00,0.00,29.60,,,,,,,637.22
LGS,2017-01-12,26.55,0.00,0.00,26.20,,,,,,,637.20
LGS,2017-01-13,24.55,0.00,0.00,25.00,,,,,,,637.04
LGS,2017-01-14,27.72,0.00,0.00,25.10,,,,,,,636.86
LGS,2017-01-15,28.51,0.00,0.00,29.20,,,,,,,636.53
LGS,2017-01-16,29.00,0.00,0.00,27.80,,,,,,,636.72
LGS,2017-01-17,29.09,0.00,0.00,26.40,,,,,,,636.39
LGS,2017-01-18,21.52,0.00,0.00,21.90,,,,,,,636.08
LGS,2017-01-19,17.97,0.00,0.00,22.60,,,,,,,636.08
LGS,2017-01-20,25.63,0.00,0.00,25.30,,,,,,,636.96
LGS,2017-01-21,20.73,0.00,0.00,20.80,,,,,,,636.94
LGS,2017-01-22,28.69,0.00,0.00,29.10,,,,,,,636.91
LGS,2017-01-23,26.67,0.00,0.00,24.80,,,,,,,636.81
LGS,2017-01-24,29.95,0.00,0.00,28.40,,,,,,,636.83
LGS,2017-01-25,24.95,0.00,0.00,25.70,,,,,,,636.67
LGS,2017-01-26,27.31,0.00,0.00,28.20,,,,,,,636.66
LGS,2017-01-27,28.41,0.00,0.00,29.10,,,,,,,636.79
LGS,2017-01-28,25.56,0.00,0.00,25.20,,,,,,,636.93
LGS,2017-01-29,25.53,0.00,0.00,28.30,,,,,,,636.99
LGS,2017-01-30,34.41,0.00,0.00,33.10,,,,,,,637.05
LGS,2017-01-31,30.89,0.00,0.00,30.10,,,,,,,636.78
LGS,2017-02-01,28.42,0.00,0.00,27.00,,,,,,,636.63
LGS,2017-02-02,26.46,0.00,0.00,27.80,,,,,,,636.68
LGS,2017-02-03,32.25,0.00,0.00,32.10,,,,,,,636.75
LGS,2017-02-04,28.16,0.00,0.00,28.40,,,,,,,636.73
LGS,2017-02-05,34.69,0.00,0.00,34.00,,,,,,,636.79
LGS,2017-02-06,33.50,0.00,0.00,32.50,,,,,,,636.57
LGS,2017-02-07,35.52,0.00,0.00,39.30,,,,,,,636.68
LGS,2017-02-08,37.48,0.00,0.00,36.40,,,,,,,637.17
LGS,2017-02-09,36.58,0.00,0.00,40.40,,,,,,,637.29
LGS,2017-02-10,62.41,0.00,0.00,60.10,,,,,,,637.27
LGS,2017-02-11,72.32,0.00,0.00,71.70,,,,,,,636.92
LGS,2017-02-12,71.49,0.00,0.00,70.00,,,,,,,636.64
LGS,2017-02-13,64.43,0.00,0.00,64.10,,,,,,,636.46
LGS,2017-02-14,58.13,0.00,0.00,58.50,,,,,,,636.55
LGS,2017-02-15,57.53,0.00,0.00,55.30,,,,,,,636.37
LGS,2017-02-16,58.53,0.00,0.00,58.80,,,,,,,636.31
LGS,2017-02-17,74.80,0.00,0.00,76.00,,,,,,,636.37
LGS,2017-02-18,72.08,0.00,0.00,71.30,,,,,,,636.34
LGS,2017-02-19,72.18,0.00,0.00,75.10,,,,,,,636.67
LGS,2017-02-20,71.65,0.00,0.00,74.90,,,,,,,637.06
LGS,2017-02-21,74.63,0.00,0.00,78.70,,,,,,,637.92
LGS,2017-02-22,94.34,10.73,11.38,92.20,,,,,,,637.85
LGS,2017-02-23,92.31,12.62,13.67,91.90,,,,,,,637.41
LGS,2017-02-24,88.51,0.00,0.00,90.00,,,,,,,636.87
LGS,2017-02-25,79.03,0.00,0.00,79.00,,,,,,,636.56
LGS,2017-02-26,83.93,0.00,0.00,81.60,,,,,,,636.39
LGS,2017-02-27,72.11,0.00,0.00,68.50,,,,,,,635.65
LGS,2017-02-28,73.05,2.03,2.78,72.60,,,,,,,635.23
LGS,2017-03-01,71.46,0.00,0.00,68.10,,,,,,,634.83
LGS,2017-03-02,66.80,0.00,0.00,65.60,,,,,,,634.42
LGS,2017-03-03,68.06,0.00,0.00,68.50,,,,,,,634.44
LGS,2017-03-04,64.90,0.00,0.00,66.50,,,,,,,634.73
LGS,2017-03-05,70.24,0.00,0.00,74.10,,,,,,,635.10
LGS,2017-03-06,80.10,0.00,0.00,80.40,,,,,,,635.45
LGS,2017-03-07,86.85,0.00,0.00,81.40,,,,,,,635.02
LGS,2017-03-08,80.96,0.00,0.00,85.40,,,,,,,634.46
LGS,2017-03-09,92.65,0.00,0.00,98.30,,,,,,,636.38
LGS,2017-03-10,125.16,9.33,7.46,128.20,,,,,,,636.61
LGS,2017-03-11,146.91,21.17,14.41,145.40,,,,,,,636.40
LGS,2017-03-12,138.51,17.04,12.30,134.90,,,,,,,635.94
LGS,2017-03-13,133.60,15.78,11.81,129.40,,,,,,,635.32
LGS,2017-03-14,136.44,11.08,8.12,136.80,,,,,,,634.81
LGS,2017-03-15,153.40,22.28,14.53,157.50,,,,,,,635.05
LGS,2017-03-16,176.81,47.31,26.76,186.00,,6.18,750.75,871.90,116.14,,636.38
LGS,2017-03-17,193.77,65.78,33.95,185.20,,6.35,746.50,893.25,119.67,,636.31
LGS,2017-03-18,164.39,35.96,21.87,169.10,,6.35,740.09,924.33,124.90,,636.05
LGS,2017-03-19,189.83,61.77,32.54,189.80,,6.31,749.81,900.71,120.13,,636.58
LGS,2017-03-20,179.27,60.28,33.63,175.80,,6.49,746.34,910.29,121.97,,636.02
LGS,2017-03-21,190.89,70.79,37.08,179.80,,6.88,740.80,923.96,124.73,,634.82
LGS,2017-03-22,181.66,56.00,30.83,184.20,,7.00,742.13,920.38,124.02,,633.64
LGS,2017-03-23,181.80,59.99,33.00,178.60,,7.18,746.14,911.42,122.15,,633.67
LGS,2017-03-24,168.70,38.90,23.06,172.00,,7.58,742.48,917.08,123.52,,633.85
LGS,2017-03-25,167.39,51.49,30.76,169.70,,7.78,746.16,907.00,121.56,,634.45
LGS,2017-03-26,165.67,57.96,34.99,162.70,,7.91,742.27,898.04,120.99,,634.30
LGS,2017-03-27,161.43,49.29,30.53,157.20,,7.91,745.43,893.92,119.92,,633.54
LGS,2017-03-28,150.20,23.83,15.87,153.00,,7.98,750.94,880.92,117.31,,633.87
LGS,2017-03-29,142.98,34.05,23.81,146.50,,8.04,744.07,884.79,118.91,,633.85
LGS,2017-03-30,150.56,53.57,35.58,156.90,,8.16,744.48,885.54,118.95,,634.97
LGS,2017-03-31,168.52,54.88,32.57,162.10,,8.17,750.76,889.63,118.50,,635.42
LGS,2017-04-01,162.38,51.61,31.79,156.00,,8.27,747.47,901.38,120.59,,633.76
LGS,2017-04-02,150.83,42.12,27.92,152.50,,8.26,747.95,894.08,119.54,,633.43
LGS,2017-04-03,150.06,48.13,32.08,149.50,,8.21,748.60,890.63,118.97,,633.45
LGS,2017-04-04,146.60,41.89,28.57,146.80,,8.09,747.14,895.88,119.91,,633.34
LGS,2017-04-05,140.33,46.97,33.47,141.20,,8.28,742.86,902.71,121.52,,633.53
LGS,2017-04-06,138.86,50.55,36.40,138.20,,8.46,737.51,903.71,122.54,,633.63
LGS,2017-04-07,134.03,50.05,37.34,135.00,,8.46,731.58,893.75,122.17,,633.58
LGS,2017-04-08,140.89,49.58,35.19,139.90,,8.55,740.53,875.75,118.26,,633.50
LGS,2017-04-09,145.30,37.31,25.68,145.40,,8.60,746.95,867.38,116.12,,633.49
LGS,2017-04-10,136.62,37.43,27.40,138.90,,8.58,745.92,878.96,117.84,,633.68
LGS,2017-04-11,120.84,37.10,30.70,134.90,,8.50,744.66,885.13,118.86,,635.55
LGS,2017-04-12,133.47,46.74,35.02,128.60,,8.48,739.08,885.83,119.86,,637.29
LGS,2017-04-13,141.36,52.10,36.86,129.00,,8.64,739.20,888.04,120.14,,634.50
LGS,2017-04-14,130.38,43.89,33.66,131.70,,8.57,746.31,873.29,117.02,,633.38
LGS,2017-04-15,126.35,64.94,51.40,124.00,,8.62,749.81,865.33,115.41,,633.40
LGS,2017-04-16,117.65,47.58,40.45,117.30,,8.77,743.20,859.58,115.66,,633.41
LGS,2017-04-17,114.59,35.27,30.77,115.80,,8.97,740.93,851.04,114.86,,633.57
LGS,2017-04-18,120.54,36.17,30.01,119.80,,8.99,743.61,831.33,111.80,,633.49
LGS,2017-04-19,122.58,36.81,30.03,122.60,,9.35,746.67,850.88,113.96,,633.40
LGS,2017-04-20,123.51,51.32,41.55,124.00,,9.64,747.89,867.25,115.96,,633.68
LGS,2017-04-21,129.55,49.11,37.91,131.40,,9.74,752.48,864.46,114.88,,633.37
LGS,2017-04-22,122.93,37.24,30.29,122.80,,9.90,743.02,868.21,116.85,,633.39
LGS,2017-04-23,118.57,35.62,30.04,117.10,,10.38,741.01,885.92,119.56,,633.44
LGS,2017-04-24,119.00,41.10,34.54,121.80,,10.42,737.98,877.04,118.84,,633.61
LGS,2017-04-25,126.88,38.63,30.45,128.00,,10.56,741.64,868.83,117.15,,633.61
LGS,2017-04-26,129.43,44.13,34.10,128.10,,10.64,738.88,863.50,116.87,,633.44
LGS,2017-04-27,133.07,44.79,33.66,134.20,,10.79,743.03,856.04,115.21,,633.46
LGS,2017-04-28,130.53,42.21,32.34,132.10,,11.01,748.93,845.21,112.86,,633.65
LGS,2017-04-29,124.25,38.54,31.02,121.80,,11.09,749.55,847.71,113.10,,633.47
LGS,2017-04-30,114.92,36.03,31.35,116.90,,11.04,746.75,851.58,114.04,,633.40
LGS,2017-05-01,121.38,53.07,43.72,118.30,,10.93,749.59,834.58,111.34,,633.47
LGS,2017-05-02,115.81,61.58,53.17,112.60,,10.81,749.40,843.71,112.58,,633.40
LGS,2017-05-03,108.62,54.34,50.03,108.00,,10.88,748.95,846.04,112.96,,633.35
LGS,2017-05-04,105.18,50.56,48.07,107.00,,11.52,742.05,851.21,114.72,,633.31
LGS,2017-05-05,118.12,76.61,64.86,118.10,,12.03,738.59,874.21,118.37,,633.48
LGS,2017-05-06,140.90,108.40,76.94,144.00,,12.05,744.41,820.96,110.28,,633.45
LGS,2017-05-07,160.18,127.38,79.52,159.60,,12.39,746.69,829.38,111.07,,633.52
LGS,2017-05-08,167.80,134.35,80.07,168.60,,12.79,747.25,875.17,117.12,,633.54
LGS,2017-05-09,165.25,131.68,79.68,164.70,,12.02,744.23,893.63,120.07,,633.60
LGS,2017-05-10,162.18,129.05,79.58,162.10,,11.48,740.97,895.96,120.92,,633.54
LGS,2017-05-11,162.74,129.08,79.31,164.20,,11.41,740.79,895.21,120.85,,633.63
LGS,2017-05-12,177.79,134.15,75.46,177.30,,11.53,743.85,885.75,119.08,,633.53
LGS,2017-05-13,181.36,121.57,67.03,182.00,,12.02,743.28,887.38,119.39,,633.44
LGS,2017-05-14,174.80,105.90,60.59,170.80,,12.24,743.89,895.63,120.40,,633.41
LGS,2017-05-15,154.38,84.20,54.54,155.90,,11.66,741.75,902.04,121.61,,633.36
LGS,2017-05-16,147.20,82.18,55.83,146.30,,10.99,736.50,898.38,121.98,,633.39
LGS,2017-05-17,137.54,65.61,47.71,137.50,,10.79,743.53,876.21,117.85,,633.37
LGS,2017-05-18,126.62,53.06,41.91,126.40,,10.87,747.23,863.39,115.55,,633.42
LGS,2017-05-19,120.23,38.20,31.77,119.90,,11.10,745.89,865.29,116.01,,633.32
LGS,2017-05-20,113.69,35.57,31.28,113.40,,11.24,746.18,858.83,115.10,,633.43
LGS,2017-05-21,112.45,33.79,30.05,112.10,,11.21,749.05,850.63,113.56,,633.63
LGS,2017-05-22,109.70,43.19,39.37,114.80,,11.72,747.58,856.63,114.59,,633.51
LGS,2017-05-23,118.69,42.63,35.92,119.40,,12.61,741.99,860.83,116.03,,633.62
LGS,2017-05-24,137.50,61.60,44.80,141.50,,13.10,739.67,869.63,117.57,,633.59
LGS,2017-05-25,155.78,74.73,47.97,155.90,,13.31,740.18,848.92,114.69,,633.53
LGS,2017-05-26,150.83,66.44,44.05,149.40,,13.61,742.85,862.04,116.04,,633.33
LGS,2017-05-27,141.85,57.34,40.42,141.80,,13.49,746.25,879.21,117.82,,633.52
LGS,2017-05-28,132.99,51.93,39.05,132.70,,12.95,746.13,885.71,118.71,,633.50
LGS,2017-05-29,135.53,51.47,37.98,136.30,,12.43,743.39,884.08,118.93,,633.55
LGS,2017-05-30,143.44,58.77,40.97,143.80,,12.53,739.13,876.88,118.64,,633.65
LGS,2017-05-31,159.45,80.55,50.52,160.90,,13.13,740.08,869.71,117.52,,633.60
LGS,2017-06-01,174.44,89.45,51.28,173.90,,13.56,741.03,872.04,117.68,,633.62
LGS,2017-06-02,178.75,94.32,52.77,177.30,,13.76,744.55,885.04,118.87,,633.51
LGS,2017-06-03,168.91,73.46,43.49,170.50,,13.84,741.19,904.13,121.98,,633.82
LGS,2017-06-04,165.93,78.20,47.13,163.60,,13.68,743.83,904.46,121.60,,633.68
LGS,2017-06-05,167.81,91.16,54.33,169.60,,13.31,747.21,897.63,120.13,,634.02
LGS,2017-06-06,159.96,87.73,54.84,160.70,,13.66,743.42,903.00,121.47,,634.32
LGS,2017-06-07,150.35,66.38,44.15,150.00,,13.89,737.39,908.79,123.25,,633.85
LGS,2017-06-08,150.70,63.03,41.83,150.80,,14.30,737.25,897.46,121.73,,633.90
LGS,2017-06-09,150.52,65.87,43.76,151.30,,14.41,740.43,874.58,118.12,,634.18
LGS,2017-06-10,148.27,63.76,43.00,144.90,,14.53,739.68,863.25,116.71,,633.76
LGS,2017-06-11,133.13,47.31,35.54,133.90,,14.55,741.95,858.92,115.77,,633.34
LGS,2017-06-12,121.84,39.22,32.19,120.40,,14.62,739.14,863.04,116.76,,633.30
LGS,2017-06-13,110.92,38.99,35.15,112.60,,14.36,742.55,842.79,113.50,,633.67
LGS,2017-06-14,129.73,44.38,34.20,129.70,,14.29,745.25,815.33,109.40,,633.48
LGS,2017-06-15,124.92,39.29,31.45,123.80,,14.17,743.56,829.38,111.54,,633.29
LGS,2017-06-16,113.75,33.95,29.84,116.40,,14.47,743.90,844.79,113.56,,633.36
LGS,2017-06-17,120.07,35.74,29.76,118.70,,14.61,746.60,837.88,112.22,,633.57
LGS,2017-06-18,120.46,36.93,30.66,119.80,,14.34,746.46,826.96,110.78,,633.40
LGS,2017-06-19,114.33,40.05,35.03,115.20,,14.48,743.15,837.21,112.66,,633.60
LGS,2017-06-20,115.45,39.73,34.42,116.50,,15.42,742.67,846.25,113.95,,633.39
LGS,2017-06-21,117.43,40.99,34.90,118.30,,15.78,746.21,834.13,111.78,,634.04
LGS,2017-06-22,120.04,36.38,30.31,118.60,,16.16,748.81,839.04,112.05,,633.44
LGS,2017-06-23,112.64,33.78,29.99,112.80,,16.37,748.74,837.33,111.83,,633.39
LGS,2017-06-24,104.99,31.37,29.88,103.60,,16.72,747.67,843.67,112.84,,633.43
LGS,2017-06-25,98.26,29.15,29.67,99.50,,17.23,743.30,836.79,112.58,,633.68
LGS,2017-06-26,89.24,26.50,29.69,87.10,,17.50,738.85,828.42,112.12,,633.44
LGS,2017-06-27,80.51,23.99,29.79,81.10,,17.70,740.13,811.46,109.64,,633.37
LGS,2017-06-28,79.76,23.81,29.85,80.30,,17.69,740.16,810.50,109.50,,633.33
LGS,2017-06-29,82.93,24.83,29.94,82.70,,17.74,745.35,802.83,107.71,,633.44
LGS,2017-06-30,74.42,22.48,30.20,76.10,,17.87,744.06,803.46,107.98,,633.68
LGS,2017-07-01,74.32,21.96,29.55,73.00,,18.21,741.18,803.38,108.39,,633.49
LGS,2017-07-02,69.36,20.71,29.86,69.30,,18.40,741.85,801.71,108.07,,633.49
LGS,2017-07-03,68.94,20.48,29.71,68.30,,18.89,743.42,803.79,108.12,,633.52
LGS,2017-07-04,63.83,19.13,29.96,64.40,,19.46,742.46,802.79,108.13,,633.48
LGS,2017-07-05,64.91,19.46,29.98,63.80,,19.52,742.28,802.71,108.14,,633.55
LGS,2017-07-06,60.39,18.20,30.13,60.60,,19.60,744.28,802.83,107.87,,633.45
LGS,2017-07-07,59.97,17.98,29.97,61.50,,19.66,743.84,807.00,108.49,,633.65
LGS,2017-07-08,56.64,17.05,30.10,57.50,,19.80,743.40,797.63,107.30,,634.08
LGS,2017-07-09,55.87,16.80,30.08,55.10,,20.15,741.74,801.92,108.11,,633.97
LGS,2017-07-10,53.00,15.80,29.82,53.30,,20.17,740.88,804.58,108.60,,634.02
LGS,2017-07-11,54.68,16.52,30.21,53.80,,20.74,742.79,805.04,108.38,,633.80
LGS,2017-07-12,46.55,13.83,29.71,49.20,,20.98,742.19,791.88,106.70,,634.02
LGS,2017-07-13,47.85,14.23,29.73,48.40,,20.74,742.78,790.38,106.41,,634.22
LGS,2017-07-14,50.61,15.02,29.67,48.40,,20.84,744.63,806.96,108.37,,634.05
LGS,2017-07-15,47.52,14.11,29.70,47.50,,21.02,743.64,820.33,110.31,,633.91
LGS,2017-07-16,45.47,13.60,29.91,45.60,,20.84,746.23,817.21,109.51,,633.94
LGS,2017-07-17,45.15,13.50,29.89,47.60,,21.12,743.95,841.00,108.94,,633.97
LGS,2017-07-18,43.04,12.75,29.64,40.20,,21.14,742.52,802.38,108.06,,634.04
LGS,2017-07-19,44.13,13.16,29.81,46.80,,20.72,742.40,794.38,107.00,,634.07
LGS,2017-07-20,46.31,13.79,29.77,44.30,,20.55,744.16,793.29,106.60,,634.06
LGS,2017-07-21,40.57,12.26,30.23,42.00,,20.96,745.93,795.42,106.63,,634.35
LGS,2017-07-22,40.75,12.23,30.01,40.90,,21.18,746.14,790.50,105.95,,634.37
LGS,2017-07-23,35.83,10.69,29.83,37.40,,20.92,741.31,787.29,106.20,,634.37
LGS,2017-07-24,39.84,11.92,29.92,38.70,,20.54,741.41,787.71,106.24,,634.67
LGS,2017-07-25,40.75,12.21,29.96,40.40,,20.75,742.22,792.63,106.79,,634.52
LGS,2017-07-26,38.59,11.53,29.89,40.00,,20.94,742.64,793.08,106.79,,634.49
LGS,2017-07-27,36.23,10.79,29.79,36.00,,20.55,742.68,802.13,108.00,,634.45
LGS,2017-07-28,39.53,11.69,29.57,39.30,,20.88,742.73,805.13,108.40,,634.64
LGS,2017-07-29,40.20,11.95,29.74,39.60,,21.16,743.97,803.21,107.96,,634.56
LGS,2017-07-30,37.18,11.01,29.62,37.90,,20.85,746.52,804.42,107.76,,634.47
LGS,2017-07-31,39.53,11.74,29.70,39.70,,20.96,746.98,798.92,106.95,,634.60
LGS,2017-08-01,39.23,11.59,29.55,38.40,,21.01,745.23,800.13,107.37,,634.53
LGS,2017-08-02,39.73,11.77,29.62,39.50,,20.91,743.93,803.21,107.97,,634.52
LGS,2017-08-03,38.16,11.38,29.83,37.30,,20.98,742.37,802.58,108.11,,634.31
LGS,2017-08-04,35.05,10.56,30.12,35.50,,20.97,738.78,807.46,109.30,,634.35
LGS,2017-08-05,33.28,10.03,30.14,33.50,,20.96,739.65,809.33,109.42,,634.34
LGS,2017-08-06,31.48,9.41,29.90,31.50,,21.40,740.96,808.71,109.14,,634.54
LGS,2017-08-07,31.97,11.47,35.89,31.40,,21.36,741.51,807.21,108.86,,634.32
LGS,2017-08-08,30.83,10.71,34.75,31.60,,21.37,741.58,805.88,108.67,,634.44
LGS,2017-08-09,29.25,10.73,36.68,29.90,,21.28,741.18,802.42,108.26,,634.44
LGS,2017-08-10,28.87,13.32,46.12,28.60,,21.30,741.12,804.29,108.52,,634.66
LGS,2017-08-11,29.40,10.78,36.65,29.40,,21.46,739.58,804.29,108.75,,634.51
LGS,2017-08-12,28.48,10.74,37.70,28.90,,21.52,738.95,805.04,108.94,,634.50
LGS,2017-08-13,29.10,10.71,36.79,28.10,,21.25,741.11,804.33,108.53,,634.46
LGS,2017-08-14,27.80,10.79,38.82,29.20,,21.63,741.59,792.29,106.84,,634.54
LGS,2017-08-15,30.03,9.64,32.10,28.50,,21.73,741.11,787.46,106.25,,634.63
LGS,2017-08-16,29.52,10.44,35.36,30.20,,21.24,742.84,788.71,106.17,,634.46
LGS,2017-08-17,26.99,10.42,38.60,26.60,,20.52,744.53,789.33,106.02,,634.49
LGS,2017-08-18,24.34,8.87,36.45,24.40,,20.67,743.90,786.71,105.76,,634.50
LGS,2017-08-19,26.38,8.73,33.10,25.70,,19.98,745.08,793.71,106.53,,634.61
LGS,2017-08-20,25.55,8.83,34.58,26.20,,20.63,745.10,792.71,106.39,,634.41
LGS,2017-08-21,25.02,8.81,35.21,26.40,,20.53,745.49,792.00,106.24,,634.46
LGS,2017-08-22,28.44,8.90,31.28,28.80,,20.24,743.29,795.25,106.99,,634.48
LGS,2017-08-23,29.28,10.29,35.13,28.30,,20.02,742.08,793.25,106.90,,634.53
LGS,2017-08-24,30.29,10.69,35.30,29.80,,19.67,741.17,782.79,105.62,,634.48
LGS,2017-08-25,26.58,10.71,40.31,27.10,,20.28,744.09,785.75,105.60,,634.47
LGS,2017-08-26,26.36,9.12,34.59,26.90,,21.00,746.88,783.71,104.93,,634.48
LGS,2017-08-27,29.05,9.02,31.05,28.70,,20.78,745.59,776.50,104.15,,634.47
LGS,2017-08-28,28.47,10.55,37.06,28.00,,20.49,742.29,783.08,105.50,,634.42
LGS,2017-08-29,25.89,10.65,41.15,26.70,,20.28,739.97,783.92,105.94,,634.41
LGS,2017-08-30,28.01,9.10,32.49,28.00,,20.08,739.97,783.79,105.92,,634.52
LGS,2017-08-31,29.66,9.00,30.35,29.10,,19.80,744.38,781.75,105.02,,634.63
LGS,2017-09-01,22.60,0.38,1.66,21.70,,20.49,745.48,790.13,105.99,,634.48
LGS,2017-09-02,22.07,0.02,0.09,22.50,,20.88,743.05,787.42,105.97,,634.60
LGS,2017-09-03,19.85,0.00,0.00,18.80,,20.53,743.45,781.00,105.05,,634.45
LGS,2017-09-04,19.96,0.00,0.00,25.20,,20.27,744.72,787.71,105.77,,634.59
LGS,2017-09-05,19.64,0.00,0.00,24.70,,20.91,743.72,792.58,106.57,,635.59
LGS,2017-09-06,23.54,0.00,0.00,25.60,,20.80,742.45,783.33,105.51,,636.65
LGS,2017-09-07,20.94,0.00,0.00,24.80,,20.27,740.06,781.50,105.60,,636.97
LGS,2017-09-08,33.45,0.00,0.00,31.00,,20.15,740.21,780.92,105.50,,637.27
LGS,2017-09-09,24.80,0.00,0.00,25.60,,20.05,742.96,779.13,104.87,,637.07
LGS,2017-09-10,24.23,0.00,0.00,23.70,,20.05,748.43,770.67,102.97,,637.24
LGS,2017-09-11,27.83,0.00,0.00,28.70,,20.57,746.81,770.83,103.22,,637.22
LGS,2017-09-12,27.51,0.00,0.00,25.50,,20.66,741.18,766.92,103.47,,637.15
LGS,2017-09-13,20.23,0.00,0.00,23.00,,20.38,740.21,757.33,102.31,,637.13
LGS,2017-09-14,22.90,0.00,0.00,21.10,,,,,,,637.32
LGS,2017-09-15,30.18,0.00,0.00,31.30,,,,,,,637.23
LGS,2017-09-16,28.29,0.00,0.00,29.60,,,,,,,637.42
LGS,2017-09-17,31.31,0.00,0.00,27.20,,,,,,,636.87
LGS,2017-09-18,33.65,0.00,0.00,25.20,,,,,,,635.65
LGS,2017-09-19,25.59,0.00,0.00,24.00,,,,,,,634.74
LGS,2017-09-20,28.10,0.00,0.00,29.60,,,,,,,634.58
LGS,2017-09-21,28.93,0.00,0.00,27.00,,,,,,,634.73
LGS,2017-09-22,27.24,0.00,0.00,26.80,,,,,,,634.42
LGS,2017-09-23,20.33,0.00,0.00,28.30,,,,,,,634.93
LGS,2017-09-24,21.49,0.00,0.00,24.20,,,,,,,636.31
LGS,2017-09-25,22.33,0.00,0.00,24.90,,,,,,,636.94
LGS,2017-09-26,27.43,0.00,0.00,29.10,,,,,,,637.16
LGS,2017-09-27,26.18,0.00,0.00,27.50,,,,,,,637.37
LGS,2017-09-28,33.39,0.00,0.00,33.10,,,,,,,637.63
LGS,2017-09-29,31.95,0.00,0.00,30.60,,,,,,,637.44
LGS,2017-09-30,26.65,0.00,0.00,25.50,,,,,,,637.38
LGS,2017-10-01,31.27,0.00,0.00,31.50,,,,,,,637.28
LGS,2017-10-02,31.88,0.00,0.00,33.30,,,,,,,637.32
LGS,2017-10-03,34.28,0.00,0.00,35.20,,,,,,,637.31
LGS,2017-10-04,31.93,0.00,0.00,30.20,,,,,,,637.55
LGS,2017-10-05,31.15,0.00,0.00,31.60,,,,,,,637.26
LGS,2017-10-06,32.63,0.00,0.00,29.70,,,,,,,637.14
LGS,2017-10-07,20.47,0.00,0.00,24.40,,,,,,,637.21
LGS,2017-10-08,27.25,0.00,0.00,26.70,,,,,,,637.53
LGS,2017-10-09,24.65,0.00,0.00,24.80,,,,,,,637.47
LGS,2017-10-10,21.14,0.00,0.00,19.60,,,,,,,637.38
LGS,2017-10-11,22.17,0.00,0.00,18.00,,,,,,,636.86
LGS,2017-10-12,13.91,0.00,0.00,17.40,,,,,,,636.65
LGS,2017-10-13,20.34,0.00,0.00,20.00,,,,,,,637.15
LGS,2017-10-14,19.31,0.00,0.00,18.80,,,,,,,636.88
LGS,2017-10-15,17.40,0.00,0.00,18.90,,,,,,,637.20
LGS,2017-10-16,19.76,0.00,0.00,17.30,,,,,,,636.86
LGS,2017-10-17,17.15,0.00,0.00,18.40,,,,,,,636.89
LGS,2017-10-18,20.48,0.00,0.00,19.30,,,,,,,636.96
LGS,2017-10-19,18.74,0.00,0.00,19.40,,,,,,,636.75
LGS,2017-10-20,18.75,0.00,0.00,18.70,,,,,,,636.81
LGS,2017-10-21,20.32,0.00,0.00,19.10,,,,,,,636.74
LGS,2017-10-22,15.43,0.00,0.00,19.10,,,,,,,636.86
LGS,2017-10-23,24.70,0.00,0.00,23.70,,,,,,,637.26
LGS,2017-10-24,24.60,0.00,0.00,24.50,,,,,,,637.18
LGS,2017-10-25,16.52,0.00,0.00,18.30,,,,,,,637.08
LGS,2017-10-26,21.84,0.00,0.00,21.80,,,,,,,637.53
LGS,2017-10-27,22.36,0.00,0.00,21.10,,,,,,,637.41
LGS,2017-10-28,22.36,0.00,0.00,19.60,,,,,,,637.04
LGS,2017-10-29,16.78,0.00,0.00,20.70,,,,,,,636.94
LGS,2017-10-30,21.08,0.00,0.00,19.30,,,,,,,637.23
LGS,2017-10-31,18.74,0.00,0.00,19.70,,,,,,,637.15
LGS,2017-11-01,21.58,0.00,0.00,19.30,,,,,,,637.11
LGS,2017-11-02,19.45,0.00,0.00,19.90,,,,,,,636.96
LGS,2017-11-03,23.06,0.00,0.00,19.60,,,,,,,636.67
LGS,2017-11-04,17.48,0.00,0.00,20.80,,,,,,,636.62
LGS,2017-11-05,18.01,0.00,0.00,20.20,,,,,,,636.96
LGS,2017-11-06,21.47,0.00,0.00,19.20,,,,,,,637.21
LGS,2017-11-07,16.38,0.00,0.00,17.40,,,,,,,637.19
LGS,2017-11-08,21.43,0.00,0.00,20.40,,,,,,,637.23
LGS,2017-11-09,19.24,0.00,0.00,17.70,,,,,,,636.88
LGS,2017-11-10,19.51,0.00,0.00,19.80,,,,,,,636.87
LGS,2017-11-11,25.68,0.00,0.00,25.00,,,,,,,636.60
LGS,2017-11-12,29.85,0.00,0.00,22.10,,,,,,,635.46
LGS,2017-11-13,19.15,2.73,14.23,19.60,,,,,,,634.69
LGS,2017-11-14,20.28,0.00,0.00,16.20,,,,,,,634.43
LGS,2017-11-15,16.73,1.16,6.95,17.30,,,,,,,634.36
LGS,2017-11-16,15.94,0.00,0.00,20.90,,,,,,,634.89
LGS,2017-11-17,12.42,0.00,0.00,16.10,,,,,,,635.58
LGS,2017-11-18,15.30,0.00,0.00,20.90,,,,,,,636.58
LGS,2017-11-19,20.15,0.00,0.00,18.20,,,,,,,637.08
LGS,2017-11-20,16.97,0.00,0.00,17.60,,,,,,,637.05
LGS,2017-11-21,22.99,0.00,0.00,21.40,,,,,,,636.87
LGS,2017-11-22,21.38,0.00,0.00,23.80,,,,,,,636.96
LGS,2017-11-23,34.37,0.00,0.00,32.30,,,,,,,637.10
LGS,2017-11-24,39.21,0.00,0.00,39.60,,,,,,,637.07
LGS,2017-11-25,49.51,0.00,0.00,47.50,,,,,,,637.05
LGS,2017-11-26,43.10,0.00,0.00,43.20,,,,,,,637.16
LGS,2017-11-27,43.35,0.00,0.00,42.70,,,,,,,637.17
LGS,2017-11-28,35.61,0.00,0.00,34.40,,,,,,,636.96
LGS,2017-11-29,41.82,0.00,0.00,41.00,,,,,,,637.28
LGS,2017-11-30,38.23,0.00,0.00,33.40,,,,,,,636.56
LGS,2017-12-01,31.29,0.00,0.00,30.30,,,,,,,636.16
LGS,2017-12-02,31.93,0.00,0.00,31.20,,,,,,,635.70
LGS,2017-12-03,28.11,0.00,0.00,32.80,,,,,,,636.16
LGS,2017-12-04,29.43,0.00,0.00,32.70,,,,,,,636.57
LGS,2017-12-05,31.50,0.00,0.00,31.50,,,,,,,636.87
LGS,2017-12-06,28.64,0.00,0.00,28.60,,,,,,,636.90
LGS,2017-12-07,29.51,0.00,0.00,29.70,,,,,,,636.91
LGS,2017-12-08,34.37,0.00,0.00,31.30,,,,,,,636.93
LGS,2017-12-09,35.18,0.00,0.00,31.00,,,,,,,635.81
LGS,2017-12-10,28.74,0.00,0.00,29.40,,,,,,,635.79
LGS,2017-12-11,35.37,0.00,0.00,34.20,,,,,,,635.56
LGS,2017-12-12,32.55,0.00,0.00,32.90,,,,,,,635.37
LGS,2017-12-13,31.59,0.00,0.00,34.00,,,,,,,635.85
LGS,2017-12-14,31.11,0.00,0.00,31.40,,,,,,,636.20
LGS,2017-12-15,30.84,0.00,0.00,30.20,,,,,,,636.21
LGS,2017-12-16,34.59,0.00,0.00,30.40,,,,,,,635.63
LGS,2017-12-17,30.83,0.00,0.00,28.80,,,,,,,634.88
LGS,2017-12-18,27.85,0.00,0.00,29.70,,,,,,,634.85
LGS,2017-12-19,29.44,0.00,0.00,30.60,,,,,,,635.27
LGS,2017-12-20,30.45,0.00,0.00,32.80,,,,,,,635.70
LGS,2017-12-21,30.50,0.00,0.00,29.10,,,,,,,635.72
LGS,2017-12-22,32.44,0.00,0.00,33.20,,,,,,,635.77
LGS,2017-12-23,29.87,0.00,0.00,30.70,,,,,,,636.05
LGS,2017-12-24,34.30,0.00,0.00,33.30,,,,,,,635.85
LGS,2017-12-25,33.40,0.00,0.00,32.30,,,,,,,635.86
LGS,2017-12-26,33.26,0.00,0.00,36.80,,,,,,,635.98
LGS,2017-12-27,31.81,0.00,0.00,32.40,,,,,,,636.67
LGS,2017-12-28,37.25,0.00,0.00,35.80,,,,,,,636.08
LGS,2017-12-29,35.57,0.00,0.00,35.90,,,,,,,636.03
LGS,2017-12-30,41.25,0.00,0.00,50.00,,,,,,,637.28
LGS,2017-12-31,50.41,0.00,0.00,48.80,,,,,,,637.50
LGS,2018-01-01,45.68,0.00,0.00,42.70,,,,,,,637.23
LGS,2018-01-02,42.80,0.00,0.00,41.80,,,,,,,636.80
LGS,2018-01-03,35.55,0.00,0.00,34.70,,,,,,,636.80
LGS,2018-01-04,36.61,0.00,0.00,37.20,,,,,,,636.51
LGS,2018-01-05,37.60,0.00,0.00,36.90,,,,,,,636.68
LGS,2018-01-06,37.41,0.00,0.00,35.30,,,,,,,636.48
LGS,2018-01-07,34.84,0.00,0.00,33.20,,,,,,,635.83
LGS,2018-01-08,36.09,0.00,0.00,39.40,,,,,,,636.54
LGS,2018-01-09,39.72,0.00,0.00,40.60,,,,,,,636.38
LGS,2018-01-10,47.01,0.00,0.00,44.80,,,,,,,636.25
LGS,2018-01-11,49.99,0.00,0.00,50.90,,,,,,,636.20
LGS,2018-01-12,45.69,0.00,0.00,50.20,,,,,,,636.54
LGS,2018-01-13,53.94,0.00,0.00,54.80,,,,,,,637.31
LGS,2018-01-14,52.41,0.00,0.00,51.70,,,,,,,637.15
LGS,2018-01-15,55.23,0.00,0.00,53.20,,,,,,,636.93
LGS,2018-01-16,50.19,0.00,0.00,48.40,,,,,,,636.67
LGS,2018-01-17,47.75,0.00,0.00,47.58,,,,,,,636.35
LGS,2018-01-18,48.38,0.00,0.00,51.01,,,,,,,636.19
LGS,2018-01-19,48.86,0.00,0.00,52.30,,,,,,,636.29
LGS,2018-01-20,53.84,0.00,0.00,51.70,,,,,,,636.53
LGS,2018-01-21,47.69,0.00,0.00,45.70,,,,,,,636.12
LGS,2018-01-22,48.28,0.00,0.00,50.30,,,,,,,636.25
LGS,2018-01-23,47.68,0.00,0.00,45.60,,,,,,,636.29
LGS,2018-01-24,44.74,0.90,2.00,44.70,,,,,,,635.95
LGS,2018-01-25,42.40,0.45,1.07,43.20,,,,,,,636.36
LGS,2018-01-26,45.94,0.00,0.00,45.40,,,,,,,636.12
LGS,2018-01-27,42.56,0.00,0.00,41.60,,,,,,,636.04
LGS,2018-01-28,47.64,0.00,0.00,47.70,,,,,,,635.93
LGS,2018-01-29,43.70,0.00,0.00,41.60,,,,,,,635.84
LGS,2018-01-30,46.61,0.00,0.00,46.80,,,,,,,635.62
LGS,2018-01-31,45.25,0.00,0.00,45.80,,,,,,,635.51
LGS,2018-02-01,55.02,0.42,0.76,47.50,,,,,,,634.94
LGS,2018-02-02,42.77,0.00,0.00,43.70,,,,,,,634.16
LGS,2018-02-03,54.74,0.00,0.00,53.90,,,,,,,633.96
LGS,2018-02-04,59.05,0.00,0.00,62.60,,,,,,,634.12
LGS,2018-02-05,82.85,6.95,8.38,87.40,,,,,,,634.84
LGS,2018-02-06,79.53,4.35,5.47,84.80,,,,,,,635.88
LGS,2018-02-07,73.67,1.25,1.70,72.60,,,,,,,635.96
LGS,2018-02-08,69.65,6.04,8.67,69.90,,,,,,,636.24
LGS,2018-02-09,67.05,0.00,0.00,66.80,,,,,,,636.32
LGS,2018-02-10,62.21,0.00,0.00,63.20,,,,,,,636.36
LGS,2018-02-11,56.86,0.00,0.00,56.70,,,,,,,636.79
LGS,2018-02-12,55.45,0.00,0.00,55.00,,,,,,,636.48
LGS,2018-02-13,55.95,0.00,0.00,57.00,,,,,,,636.40
LGS,2018-02-14,51.61,0.00,0.00,49.60,,,,,,,636.28
LGS,2018-02-15,55.40,0.00,0.00,55.40,,,,,,,636.17
LGS,2018-02-16,52.42,0.00,0.00,54.00,,,,,,,636.29
LGS,2018-02-17,60.05,0.00,0.00,58.80,,,,,,,636.51
LGS,2018-02-18,65.91,0.00,0.00,65.40,,,,,,,636.24
LGS,2018-02-19,55.62,0.00,0.00,55.40,,,,,,,636.34
LGS,2018-02-20,57.35,0.00,0.00,52.70,,,,,,,635.80
LGS,2018-02-21,52.30,0.00,0.00,54.70,,,,,,,635.55
LGS,2018-02-22,49.75,0.00,0.00,49.40,,,,,,,635.58
LGS,2018-02-23,51.00,0.00,0.00,52.40,,,,,,,635.81
LGS,2018-02-24,49.43,0.00,0.00,49.90,,,,,,,635.93
LGS,2018-02-25,48.90,0.00,0.00,50.30,,,,,,,636.21
LGS,2018-02-26,47.69,0.00,0.00,49.90,,,,,,,636.72
LGS,2018-02-27,46.38,0.00,0.00,44.70,,,,,,,636.57
LGS,2018-02-28,46.48,0.00,0.00,53.50,,,,,,,636.94
LGS,2018-03-01,53.20,0.70,1.32,47.70,,,,,,,637.62
LGS,2018-03-02,50.90,0.00,0.00,50.20,,,,,,,637.24
LGS,2018-03-03,44.63,0.00,0.00,41.60,,,,,,,636.76
LGS,2018-03-04,44.00,0.00,0.00,45.80,,,,,,,636.27
LGS,2018-03-05,47.01,0.00,0.00,44.10,,,,,,,636.40
LGS,2018-03-06,46.71,0.00,0.00,47.90,,,,,,,636.38
LGS,2018-03-07,47.15,0.00,0.00,47.10,,,,,,,636.57
LGS,2018-03-08,48.33,0.00,0.00,46.40,,,,,,,636.31
LGS,2018-03-09,55.56,0.00,0.00,50.30,,,,,,,635.27
LGS,2018-03-10,55.75,0.00,0.00,52.20,,,,,,,634.66
LGS,2018-03-11,58.62,0.00,0.00,59.40,,,,,,,634.42
LGS,2018-03-12,58.29,0.00,0.00,57.20,,,,,,,634.03
LGS,2018-03-13,55.42,0.00,0.00,53.10,,,,,,,633.87
LGS,2018-03-14,61.24,0.00,0.00,61.40,,,,,,,633.81
LGS,2018-03-15,64.81,0.00,0.00,64.80,,,,,,,633.38
LGS,2018-03-16,63.97,0.00,0.00,66.60,,,,,,,633.68
LGS,2018-03-17,53.63,0.00,0.00,63.00,,,,,,,635.10
LGS,2018-03-18,67.59,0.00,0.00,68.40,,,,,,,636.20
LGS,2018-03-19,61.31,0.00,0.00,60.60,,,,,,,636.15
LGS,2018-03-20,61.05,0.00,0.00,61.80,,,,,,,636.26
LGS,2018-03-21,60.30,0.00,0.00,62.10,,,,,,,636.26
LGS,2018-03-22,57.60,0.00,0.00,61.20,,,,,,,636.59
LGS,2018-03-23,69.80,0.03,0.04,66.70,,,,,,,637.07
LGS,2018-03-24,69.68,0.00,0.00,70.00,,,,,,,636.67
LGS,2018-03-25,61.58,0.00,0.00,66.40,,,,,,,637.20
LGS,2018-03-26,64.81,0.00,0.00,62.50,,,,,,,637.73
LGS,2018-03-27,58.08,0.00,0.00,58.20,,,,,,,637.38
LGS,2018-03-28,61.00,0.00,0.00,57.20,,,,,,,637.13
LGS,2018-03-29,60.14,0.08,0.12,55.90,,7.07,748.21,778.75,104.08,,635.83
LGS,2018-03-30,63.03,0.00,0.00,59.60,,6.98,746.06,780.25,104.58,,635.60
LGS,2018-03-31,63.60,0.00,0.00,58.20,,7.09,748.40,782.79,104.60,,634.26
LGS,2018-04-01,59.92,0.00,0.00,58.00,,7.20,741.07,786.25,106.10,,633.85
LGS,2018-04-02,59.60,0.00,0.00,60.50,,7.31,742.66,785.79,105.81,,633.71
LGS,2018-04-03,61.72,39.55,64.09,61.00,,7.39,745.86,780.50,104.64,,633.65
LGS,2018-04-04,67.35,42.15,62.58,69.00,,7.58,745.99,778.50,104.36,,633.57
LGS,2018-04-05,72.65,42.18,58.07,72.30,,7.92,743.72,776.92,104.46,,633.65
LGS,2018-04-06,74.48,40.99,55.04,74.60,,8.39,740.63,795.33,107.39,,633.64
LGS,2018-04-07,85.20,38.29,44.94,85.60,,8.75,733.55,851.08,116.02,,633.55
LGS,2018-04-08,103.51,37.68,36.40,102.90,,8.58,742.70,863.04,116.21,,633.46
LGS,2018-04-09,111.41,36.07,32.37,111.20,,8.64,750.03,851.08,113.47,,633.27
LGS,2018-04-10,107.94,35.60,32.98,107.60,,8.98,741.95,853.96,115.10,,633.47
LGS,2018-04-11,102.72,33.73,32.84,104.20,,9.40,739.10,865.54,117.11,,633.52
LGS,2018-04-12,108.83,31.37,28.82,107.70,,9.22,740.23,858.33,115.96,,633.32
LGS,2018-04-13,113.29,29.19,25.77,112.60,,9.03,751.88,841.75,111.95,,633.34
LGS,2018-04-14,103.41,32.13,31.07,104.20,,9.17,748.98,832.96,111.22,,633.49
LGS,2018-04-15,102.25,35.98,35.19,103.70,,9.38,738.62,847.75,114.78,,633.43
LGS,2018-04-16,103.46,35.98,34.78,102.50,,9.56,737.36,854.83,115.93,,633.32
LGS,2018-04-17,106.26,37.00,34.82,107.10,,9.26,746.47,839.50,112.47,,633.44
LGS,2018-04-18,101.60,36.87,36.29,100.00,,9.25,748.75,826.38,110.37,,633.48
LGS,2018-04-19,97.00,38.26,39.45,96.60,,9.71,747.95,838.00,112.04,,633.58
LGS,2018-04-20,93.06,36.57,39.30,93.80,,10.09,748.89,859.79,114.81,,633.38
LGS,2018-04-21,87.60,32.28,36.85,87.70,,10.12,749.96,867.54,115.68,,633.39
LGS,2018-04-22,84.11,32.38,38.50,84.60,,10.01,751.57,867.42,115.42,,633.50
LGS,2018-04-23,88.93,32.27,36.29,88.30,,10.09,752.76,872.79,115.95,,633.43
LGS,2018-04-24,90.38,31.25,34.58,91.00,,10.41,750.85,877.96,116.93,,633.55
LGS,2018-04-25,91.27,28.00,30.68,89.80,,11.01,746.74,887.38,118.83,,633.46
LGS,2018-04-26,91.34,26.60,29.12,93.30,,11.30,745.50,886.88,118.96,,633.47
LGS,2018-04-27,93.49,26.66,28.52,91.40,,11.52,738.75,883.83,119.64,,633.52
LGS,2018-04-28,97.48,28.76,29.51,101.00,,11.55,740.91,856.21,115.56,,633.62
LGS,2018-04-29,112.08,39.68,35.40,110.80,,11.78,742.02,837.42,112.86,,633.46
LGS,2018-04-30,114.85,42.65,37.13,114.00,,11.89,744.50,825.08,110.82,,633.30
LGS,2018-05-01,104.35,37.12,35.57,105.70,,11.86,743.48,820.96,110.42,,633.56
LGS,2018-05-02,87.40,27.57,31.55,88.40,,11.54,744.98,822.46,110.40,,633.53
LGS,2018-05-03,95.97,30.25,31.52,94.60,,10.96,745.87,829.96,111.27,,633.65
LGS,2018-05-04,85.69,30.23,35.28,85.80,,11.01,747.09,844.96,113.10,,633.52
LGS,2018-05-05,95.58,30.28,31.68,95.20,,10.60,746.07,855.92,114.72,,633.46
LGS,2018-05-06,105.94,29.19,27.55,107.40,,10.57,743.42,860.75,115.78,,633.58
LGS,2018-05-07,133.49,42.67,31.96,132.40,,11.07,747.18,856.25,114.60,,633.45
LGS,2018-05-08,133.88,43.01,32.12,133.80,,11.91,744.59,844.00,113.35,,633.27
LGS,2018-05-09,134.24,43.97,32.75,135.10,,12.19,743.72,833.67,112.09,,633.56
LGS,2018-05-10,151.53,60.90,40.19,152.40,,11.64,744.29,816.42,109.69,,633.43
LGS,2018-05-11,151.50,65.24,43.06,150.90,,11.14,746.43,824.83,110.50,,633.56
LGS,2018-05-12,135.41,53.12,39.23,134.20,,11.39,743.90,851.29,114.44,,633.33
LGS,2018-05-13,120.43,40.73,33.82,121.30,,11.13,742.18,857.71,115.57,,633.40
LGS,2018-05-14,113.75,29.35,25.80,112.80,,10.71,742.68,855.21,115.15,,633.52
LGS,2018-05-15,119.49,33.12,27.72,119.00,,10.58,740.07,842.42,113.83,,633.51
LGS,2018-05-16,126.18,36.27,28.75,127.60,,11.12,740.85,838.96,113.24,,633.59
LGS,2018-05-17,141.68,51.81,36.57,141.30,,11.79,741.92,828.00,111.60,,633.50
LGS,2018-05-18,146.14,55.67,38.09,147.50,,12.10,743.49,821.83,110.54,,633.42
LGS,2018-05-19,148.46,72.80,49.04,148.00,,12.32,743.24,832.54,112.02,,633.60
LGS,2018-05-20,142.64,52.63,36.89,143.40,,12.26,741.69,843.17,113.68,,633.53
LGS,2018-05-21,143.13,53.03,37.05,142.60,,12.20,742.34,843.71,113.66,,633.44
LGS,2018-05-22,142.16,51.83,36.46,142.00,,12.27,740.43,843.42,113.91,,633.40
LGS,2018-05-23,150.37,60.22,40.05,148.80,,12.74,737.53,845.46,114.63,,633.59
LGS,2018-05-24,149.58,59.36,39.69,152.40,,13.12,741.50,839.67,113.24,,633.47
LGS,2018-05-25,157.47,67.28,42.73,157.00,,13.37,740.47,850.88,114.91,,633.56
LGS,2018-05-26,168.90,78.44,46.44,170.40,,13.18,743.38,849.79,114.32,,633.59
LGS,2018-05-27,172.44,81.80,47.44,170.80,,12.94,746.56,866.50,116.07,,633.37
LGS,2018-05-28,158.87,69.24,43.58,158.90,,13.53,744.31,886.13,119.06,,633.39
LGS,2018-05-29,155.47,77.17,49.64,154.80,,13.59,742.70,873.63,117.63,,633.59
LGS,2018-05-30,150.85,61.40,40.70,151.20,,13.58,740.65,858.67,115.93,,634.05
LGS,2018-05-31,144.90,55.05,37.99,144.00,,14.00,739.23,852.58,115.34,,633.65
LGS,2018-06-01,144.98,55.64,38.38,147.10,,14.30,747.08,843.13,112.86,,634.00
LGS,2018-06-02,138.04,47.99,34.76,134.00,,14.35,748.73,826.83,110.43,,633.52
LGS,2018-06-03,117.23,27.73,23.65,117.80,,14.33,742.00,838.00,112.94,,633.43
LGS,2018-06-04,107.37,25.27,23.53,107.80,,14.42,742.93,838.38,112.85,,633.76
LGS,2018-06-05,111.09,27.69,24.92,109.30,,14.40,743.23,827.79,111.38,,633.53
LGS,2018-06-06,106.50,25.20,23.67,105.60,,14.46,741.38,827.46,111.61,,633.46
LGS,2018-06-07,101.80,25.24,24.79,101.00,,15.16,740.26,834.08,112.67,,633.49
LGS,2018-06-08,91.50,25.17,27.51,92.70,,15.55,742.16,833.42,112.30,,633.48
LGS,2018-06-09,93.56,25.22,26.95,92.20,,15.78,741.55,826.50,111.46,,633.54
LGS,2018-06-10,83.28,25.20,30.26,84.50,,15.77,744.30,820.33,110.22,,633.52
LGS,2018-06-11,84.59,27.91,32.99,84.90,,15.87,746.51,813.17,108.93,,633.42
LGS,2018-06-12,80.88,27.68,34.22,80.00,,15.89,745.81,815.13,109.30,,633.49
LGS,2018-06-13,71.78,29.00,40.40,71.00,,16.43,739.76,833.83,112.72,,633.35
LGS,2018-06-14,66.10,29.10,44.03,66.70,,16.52,743.10,834.42,112.29,,633.67
LGS,2018-06-15,62.03,30.15,48.60,61.80,,16.43,740.17,837.67,113.17,,633.54
LGS,2018-06-16,55.29,32.84,59.39,56.60,,16.28,740.85,843.92,113.91,,633.69
LGS,2018-06-17,52.63,32.91,62.54,54.60,,16.30,741.08,846.00,114.16,,634.12
LGS,2018-06-18,52.76,32.90,62.36,52.90,,16.12,743.04,852.71,114.76,,634.36
LGS,2018-06-19,60.80,32.98,54.24,61.50,,16.10,745.86,857.63,114.99,,634.27
LGS,2018-06-20,66.26,31.85,48.07,62.30,,16.69,743.25,874.04,117.60,,633.99
LGS,2018-06-21,67.10,20.46,30.50,66.80,,16.89,742.45,873.67,117.67,,633.65
LGS,2018-06-22,67.89,20.30,29.90,66.70,,17.34,742.93,866.46,116.63,,633.47
LGS,2018-06-23,70.99,21.25,29.94,72.40,,17.41,744.22,858.25,115.32,,633.63
LGS,2018-06-24,68.15,20.50,30.08,67.70,,17.24,742.78,846.96,114.03,,633.58
LGS,2018-06-25,63.27,18.95,29.94,63.10,,17.00,741.31,830.17,111.99,,633.51
LGS,2018-06-26,61.36,18.43,30.04,61.00,,17.31,746.29,822.17,110.17,,633.58
LGS,2018-06-27,59.99,18.08,30.15,60.80,,17.38,741.95,819.29,110.43,,633.58
LGS,2018-06-28,57.13,26.92,47.13,56.10,,17.75,741.93,819.17,110.41,,633.42
LGS,2018-06-29,50.08,15.18,30.30,50.60,,17.96,744.24,811.96,109.10,,633.42
LGS,2018-06-30,42.59,12.77,29.97,45.00,,18.10,745.81,813.58,109.09,,633.98
LGS,2018-07-01,41.18,12.22,29.67,44.00,,18.28,745.39,811.79,108.91,,634.44
LGS,2018-07-02,40.06,12.12,30.25,39.60,,18.37,745.49,805.46,108.04,,634.48
LGS,2018-07-03,42.26,12.65,29.94,41.70,,18.44,745.96,803.04,107.65,,634.40
LGS,2018-07-04,41.81,12.64,30.23,40.20,,18.46,744.24,801.58,107.71,,634.61
LGS,2018-07-05,37.14,11.13,29.96,38.40,,18.71,743.25,803.25,108.07,,634.53
LGS,2018-07-06,41.83,12.51,29.92,41.30,,18.73,744.98,804.21,107.95,,634.58
LGS,2018-07-07,41.79,12.52,29.95,43.30,,18.78,746.65,805.38,107.87,,634.59
LGS,2018-07-08,44.13,13.17,29.84,42.30,,19.24,744.35,821.42,110.36,,634.47
LGS,2018-07-09,37.79,11.39,30.14,39.60,,19.59,743.33,831.71,111.89,,634.63
LGS,2018-07-10,45.69,13.67,29.92,44.20,,19.27,746.51,825.25,110.55,,634.59
LGS,2018-07-11,42.28,12.70,30.04,43.00,,19.56,746.24,820.04,109.89,,634.53
LGS,2018-07-12,43.63,13.09,30.00,42.90,,19.68,744.41,816.96,109.75,,634.50
LGS,2018-07-13,39.60,11.98,30.25,41.20,,19.61,742.43,813.83,109.62,,634.53
LGS,2018-07-14,38.61,11.68,30.26,39.20,,19.31,744.53,818.13,109.89,,634.92
LGS,2018-07-15,37.52,11.28,30.06,37.60,,19.83,743.77,833.33,112.04,,635.09
LGS,2018-07-16,37.92,11.38,30.01,39.70,,20.36,742.71,836.42,112.62,,635.01
LGS,2018-07-17,40.76,12.25,30.07,40.30,,20.42,741.87,836.54,112.76,,635.10
LGS,2018-07-18,37.53,11.25,29.99,36.50,,19.85,743.03,831.17,111.86,,634.91
LGS,2018-07-19,36.37,10.86,29.87,35.60,,20.53,743.15,821.71,110.57,,634.82
LGS,2018-07-20,32.75,9.81,29.95,33.90,,20.68,743.99,814.29,109.45,,634.82
LGS,2018-07-21,30.93,9.30,30.08,31.50,,20.82,744.92,810.88,108.85,,635.18
LGS,2018-07-22,29.40,10.33,35.14,29.80,,20.68,747.68,811.50,108.54,,635.16
LGS,2018-07-23,31.83,11.09,34.85,31.20,,20.53,745.55,814.38,109.23,,635.25
LGS,2018-07-24,33.26,11.09,33.34,32.40,,20.36,744.34,816.33,109.67,,635.23
LGS,2018-07-25,34.76,10.67,30.70,33.70,,20.42,745.18,816.58,109.58,,635.02
LGS,2018-07-26,32.35,9.65,29.83,33.60,,20.52,744.12,817.67,109.88,,634.93
LGS,2018-07-27,35.05,10.44,29.79,35.20,,20.81,742.00,822.29,110.82,,634.92
LGS,2018-07-28,32.00,9.81,30.66,34.00,,20.67,742.40,830.50,111.87,,635.00
LGS,2018-07-29,35.31,10.30,29.17,33.10,,20.55,744.28,828.75,111.35,,635.29
LGS,2018-07-30,31.99,9.43,29.46,32.40,,20.37,743.11,827.00,111.29,,635.07
LGS,2018-07-31,35.05,10.47,29.86,33.20,,20.49,740.77,826.71,111.60,,635.09
LGS,2018-08-01,35.43,10.72,30.26,36.20,,20.25,740.57,827.83,111.78,,634.92
LGS,2018-08-02,29.56,8.88,30.03,31.10,,20.88,740.89,827.75,111.72,,635.01
LGS,2018-08-03,32.24,10.90,33.81,31.40,,20.89,743.20,819.54,110.27,,635.02
LGS,2018-08-04,30.40,9.20,30.28,31.90,,21.53,742.88,812.67,109.39,,635.21
LGS,2018-08-05,31.18,10.44,33.49,29.80,,21.26,743.34,810.79,109.07,,635.19
LGS,2018-08-06,28.06,16.78,59.81,28.60,,20.81,744.80,802.25,107.71,,635.00
LGS,2018-08-07,30.75,18.52,60.24,32.20,,20.47,742.95,799.13,107.56,,635.23
LGS,2018-08-08,32.39,20.25,62.51,31.20,,20.45,741.03,802.33,108.27,,635.33
LGS,2018-08-09,33.50,21.99,65.64,33.80,,20.50,740.90,806.00,108.79,,635.09
LGS,2018-08-10,31.62,9.37,29.64,29.90,,20.51,739.37,814.75,110.20,,635.03
LGS,2018-08-11,32.24,10.47,32.47,33.00,,20.11,741.80,827.13,111.50,,635.07
LGS,2018-08-12,26.64,10.53,39.51,26.20,,20.53,746.17,815.54,109.30,,635.03
LGS,2018-08-13,27.54,8.72,31.65,27.70,,21.16,744.99,809.83,108.71,,635.04
LGS,2018-08-14,28.79,8.68,30.14,30.00,,21.04,742.30,804.96,108.44,,634.86
LGS,2018-08-15,28.91,10.30,35.62,27.60,,20.59,741.04,798.08,107.70,,635.13
LGS,2018-08-16,27.17,10.40,38.28,28.00,,20.17,742.00,787.63,106.15,,635.01
LGS,2018-08-17,25.75,8.72,33.85,25.40,,19.98,744.88,789.50,105.99,,635.13
LGS,2018-08-18,25.45,8.62,33.85,25.10,,20.57,746.49,797.04,106.77,,635.03
LGS,2018-08-19,24.12,8.64,35.81,23.00,,20.49,743.53,797.63,107.28,,634.90
LGS,2018-08-20,21.95,8.70,39.61,23.50,,20.42,743.39,802.46,107.95,,634.88
LGS,2018-08-21,23.61,7.18,30.42,24.70,,21.19,745.83,805.46,108.00,,635.25
LGS,2018-08-22,27.81,7.04,25.31,26.40,,20.39,742.21,808.50,108.93,,635.27
LGS,2018-08-23,25.62,8.60,33.58,25.10,,19.91,740.22,799.75,108.04,,634.94
LGS,2018-08-24,23.71,8.63,36.37,25.60,,19.54,742.60,789.83,106.36,,634.93
LGS,2018-08-25,25.94,8.65,33.33,25.70,,19.91,743.25,785.25,105.65,,635.20
LGS,2018-08-26,27.42,8.69,31.69,27.00,,20.07,742.15,781.50,105.30,,635.20
LGS,2018-08-27,25.23,8.65,34.28,23.70,,19.91,744.11,775.96,104.28,,634.92
LGS,2018-08-28,23.75,8.71,36.67,26.40,,19.85,745.86,776.33,104.09,,634.89
LGS,2018-08-29,29.90,7.09,23.70,29.70,,19.87,740.20,776.08,104.85,,635.01
LGS,2018-08-30,28.03,9.98,35.61,28.10,,19.55,741.60,765.25,103.19,,634.93
LGS,2018-08-31,29.96,10.29,34.34,30.80,,19.40,744.49,769.04,103.30,,634.89
LGS,2018-09-01,26.08,0.44,1.69,26.40,,19.48,743.94,777.92,104.57,,635.00
LGS,2018-09-02,23.71,0.00,0.00,23.10,,19.50,744.04,784.88,105.49,,635.04
LGS,2018-09-03,21.78,0.00,0.00,20.00,,19.51,743.78,786.63,105.76,,634.96
LGS,2018-09-04,22.34,0.00,0.00,22.20,,19.45,745.15,783.79,105.19,,634.88
LGS,2018-09-05,23.23,0.00,0.00,24.50,,19.30,743.89,781.21,105.02,,634.88
LGS,2018-09-06,20.78,0.00,0.00,21.40,,19.22,744.41,791.79,106.37,,634.95
LGS,2018-09-07,22.08,0.00,0.00,26.50,,19.25,743.50,804.46,108.20,,635.54
LGS,2018-09-08,23.90,0.00,0.00,23.30,,18.97,743.69,782.92,105.27,,635.95
LGS,2018-09-09,21.15,0.00,0.00,23.00,,18.90,743.11,765.50,103.02,,636.14
LGS,2018-09-10,23.10,0.00,0.00,24.30,,18.93,741.76,765.75,103.23,,636.53
LGS,2018-09-11,22.73,0.00,0.00,23.80,,18.78,741.97,756.58,101.97,,636.73
LGS,2018-09-12,24.95,0.00,0.00,22.00,,18.92,741.41,769.75,103.82,,636.40
LGS,2018-09-13,24.46,0.00,0.00,22.00,,18.89,742.85,764.17,102.87,,636.10
LGS,2018-09-14,21.24,0.00,0.00,23.80,,18.83,742.89,757.17,101.92,,635.93
LGS,2018-09-15,23.47,0.00,0.00,22.10,,18.81,740.50,747.13,100.90,,636.16
LGS,2018-09-16,20.93,0.00,0.00,22.20,,18.71,742.90,741.92,99.87,,636.06
LGS,2018-09-17,21.86,0.00,0.00,22.00,,18.55,745.78,737.13,98.84,,636.17
LGS,2018-09-18,24.98,0.00,0.00,20.90,,18.48,744.77,734.79,98.66,,636.05
LGS,2018-09-19,22.53,0.00,0.00,21.90,,18.42,743.87,732.08,98.42,,635.50
LGS,2018-09-20,25.19,0.00,0.00,21.90,,18.35,745.55,729.31,97.82,,634.96
LGS,2018-09-21,18.79,0.00,0.00,22.20,,,,,,,634.86
LGS,2018-09-22,20.42,0.00,0.00,21.40,,,,,,,635.41
LGS,2018-09-23,21.12,0.00,0.00,20.60,,,,,,,635.04
LGS,2018-09-24,17.74,0.00,0.00,17.90,,,,,,,635.27
LGS,2018-09-25,19.47,0.00,0.00,19.80,,,,,,,635.38
LGS,2018-09-26,18.88,0.00,0.00,21.50,,,,,,,635.62
LGS,2018-09-27,18.91,0.00,0.00,17.50,,,,,,,635.78
LGS,2018-09-28,21.38,0.00,0.00,21.90,,,,,,,635.80
LGS,2018-09-29,15.26,0.00,0.00,17.10,,,,,,,635.86
LGS,2018-09-30,19.40,0.00,0.00,18.40,,,,,,,636.04
LGS,2018-10-01,15.68,0.00,0.00,16.60,,,,,,,636.08
LGS,2018-10-02,18.18,0.00,0.00,18.30,,,,,,,636.08
LGS,2018-10-03,23.35,0.00,0.00,21.90,,,,,,,636.00
LGS,2018-10-04,19.91,0.00,0.00,20.10,,,,,,,635.74
LGS,2018-10-05,19.24,0.00,0.00,18.40,,,,,,,635.64
LGS,2018-10-06,21.95,0.00,0.00,22.40,,,,,,,635.65
LGS,2018-10-07,15.45,0.00,0.00,15.50,,,,,,,635.65
LGS,2018-10-08,18.96,0.00,0.00,18.70,,,,,,,635.68
LGS,2018-10-09,18.81,0.00,0.00,18.40,,,,,,,635.74
LGS,2018-10-10,15.92,0.00,0.00,17.80,,,,,,,635.88
LGS,2018-10-11,17.36,3.00,17.25,17.60,,,,,,,635.81
LGS,2018-10-12,14.83,3.46,23.35,16.80,,,,,,,635.89
LGS,2018-10-13,14.03,0.00,0.00,14.60,,,,,,,636.39
LGS,2018-10-14,19.39,0.00,0.00,18.40,,,,,,,636.42
LGS,2018-10-15,16.83,0.00,0.00,15.90,,,,,,,636.25
LGS,2018-10-16,17.74,0.00,0.00,17.20,,,,,,,635.98
LGS,2018-10-17,14.55,3.36,23.08,14.50,,,,,,,635.80
LGS,2018-10-18,23.75,0.00,0.00,20.30,,,,,,,635.65
LGS,2018-10-19,17.52,0.00,0.00,14.70,,,,,,,635.04
LGS,2018-10-20,13.12,0.00,0.00,15.00,,,,,,,634.84
LGS,2018-10-21,13.74,0.00,0.00,15.00,,,,,,,635.11
LGS,2018-10-22,13.69,0.00,0.00,15.60,,,,,,,635.42
LGS,2018-10-23,20.81,0.00,0.00,20.60,,,,,,,635.65
LGS,2018-10-24,15.45,0.00,0.00,17.30,,,,,,,635.87
LGS,2018-10-25,19.96,0.00,0.00,18.50,,,,,,,636.01
LGS,2018-10-26,15.78,0.00,0.00,17.20,,,,,,,636.02
LGS,2018-10-27,15.56,0.00,0.00,17.40,,,,,,,636.38
LGS,2018-10-28,15.31,0.00,0.00,17.10,,,,,,,636.69
LGS,2018-10-29,17.88,0.00,0.00,17.90,,,,,,,636.90
LGS,2018-10-30,21.73,0.00,0.00,22.70,,,,,,,636.91
LGS,2018-10-31,23.64,0.00,0.00,19.50,,,,,,,636.73
LGS,2018-11-01,16.94,0.00,0.00,18.70,,,,,,,636.41
LGS,2018-11-02,17.57,0.00,0.00,20.40,,,,,,,636.79
LGS,2018-11-03,29.73,0.00,0.00,28.80,,,,,,,637.23
LGS,2018-11-04,29.30,0.00,0.00,28.40,,,,,,,636.82
LGS,2018-11-05,23.88,0.00,0.00,24.10,,,,,,,636.86
LGS,2018-11-06,26.42,0.00,0.00,25.70,,,,,,,636.80
LGS,2018-11-07,25.71,0.00,0.00,23.90,,,,,,,636.67
LGS,2018-11-08,25.01,0.00,0.00,27.10,,,,,,,636.55
LGS,2018-11-09,20.99,0.00,0.00,20.00,,,,,,,636.67
LGS,2018-11-10,20.32,0.00,0.00,19.70,,,,,,,636.62
LGS,2018-11-11,20.31,0.00,0.00,20.90,,,,,,,636.56
LGS,2018-11-12,18.70,0.00,0.00,19.20,,,,,,,636.54
LGS,2018-11-13,19.66,0.00,0.00,19.00,,,,,,,636.54
LGS,2018-11-14,19.69,0.00,0.00,18.50,,,,,,,636.49
LGS,2018-11-15,18.11,0.00,0.00,18.10,,,,,,,636.38
LGS,2018-11-16,16.98,0.00,0.00,17.10,,,,,,,636.24
LGS,2018-11-17,17.85,0.00,0.00,19.80,,,,,,,636.39
LGS,2018-11-18,17.72,0.00,0.00,17.70,,,,,,,636.67
LGS,2018-11-19,21.84,0.00,0.00,20.90,,,,,,,636.65
LGS,2018-11-20,19.93,0.00,0.00,19.60,,,,,,,636.42
LGS,2018-11-21,19.09,0.00,0.00,16.50,,,,,,,636.17
LGS,2018-11-22,15.52,0.00,0.00,15.70,,,,,,,635.99
LGS,2018-11-23,14.24,0.00,0.00,14.20,,,,,,,635.91
LGS,2018-11-24,19.07,0.00,0.00,21.20,,,,,,,636.19
LGS,2018-11-25,21.30,0.00,0.00,18.60,,,,,,,636.23
LGS,2018-11-26,20.70,0.00,0.00,19.00,,,,,,,635.60
LGS,2018-11-27,16.07,0.00,0.00,15.90,,,,,,,635.32
LGS,2018-11-28,17.28,0.00,0.00,19.20,,,,,,,635.51
LGS,2018-11-29,23.34,0.00,0.00,20.10,,,,,,,635.25
LGS,2018-11-30,20.24,0.00,0.00,20.80,,,,,,,635.09
LGS,2018-12-01,13.42,0.00,0.00,19.20,,,,,,,635.58
LGS,2018-12-02,18.38,0.00,0.00,17.90,,,,,,,636.45
LGS,2018-12-03,19.99,0.00,0.00,20.40,,,,,,,636.36
LGS,2018-12-04,19.61,0.00,0.00,19.50,,,,,,,636.31
LGS,2018-12-05,17.24,0.00,0.00,15.90,,,,,,,636.16
LGS,2018-12-06,22.69,0.00,0.00,21.00,,,,,,,635.83
LGS,2018-12-07,17.35,0.00,0.00,15.20,,,,,,,635.18
LGS,2018-12-08,13.38,0.00,0.00,15.30,,,,,,,635.12
LGS,2018-12-09,11.72,0.00,0.00,15.20,,,,,,,635.75
LGS,2018-12-10,18.44,0.00,0.00,18.00,,,,,,,636.34
LGS,2018-12-11,20.61,0.00,0.00,23.50,,,,,,,636.68
LGS,2018-12-12,20.44,0.00,0.00,20.40,,,,,,,636.73
LGS,2018-12-13,23.42,0.00,0.00,21.10,,,,,,,636.66
LGS,2018-12-14,19.15,0.00,0.00,17.50,,,,,,,636.26
LGS,2018-12-15,18.58,0.00,0.00,21.80,,,,,,,636.53
LGS,2018-12-16,22.33,0.00,0.00,20.20,,,,,,,636.59
LGS,2018-12-17,22.84,0.00,0.00,21.90,,,,,,,636.25
LGS,2018-12-18,19.13,0.00,0.00,22.50,,,,,,,636.68
LGS,2018-12-19,24.98,0.00,0.00,24.70,,,,,,,636.80
LGS,2018-12-20,21.95,0.00,0.00,21.30,,,,,,,636.63
LGS,2018-12-21,21.60,0.00,0.00,23.40,,,,,,,636.67
LGS,2018-12-22,25.86,0.00,0.00,24.50,,,,,,,636.89
LGS,2018-12-23,23.09,0.00,0.00,25.60,,,,,,,636.66
LGS,2018-12-24,24.02,0.00,0.00,21.70,,,,,,,636.69
LGS,2018-12-25,18.09,0.00,0.00,19.20,,,,,,,636.45
LGS,2018-12-26,21.32,0.00,0.00,23.60,,,,,,,637.01
LGS,2018-12-27,25.97,0.00,0.00,21.50,,,,,,,636.98
LGS,2018-12-28,24.33,0.00,0.00,24.70,,,,,,,636.50
LGS,2018-12-29,20.17,0.00,0.00,19.80,,,,,,,636.53
LGS,2018-12-30,21.15,0.00,0.00,20.90,,,,,,,636.64
LGS,2018-12-31,22.60,0.00,0.00,24.20,,,,,,,636.59
Notes:
Columbia River DART
River Environment Daily Average Measurements at Little Goose Forebay (Snake)
1/1/2017 - 12/31/2018
Generated 18 Nov 2024 09:12:05 PST. DART River Environment Daily Average Measurements www.cbr.washington.edu/dart/query/river_daily.
Data Courtesy of U.S. Army Corps of Engineers.
USACE Data Disclaimer: These data are furnished with the understanding that the U.S. Army Corps of 
Engineers makes no warranties concerning the accuracy; reliability; or suitability of this data for any particular 
purpose.
Outflow; Spill; Inflow; and Scroll Case Temperature in degrees Celsius are collected at the project. DART calculates Spill Percent from the Spill and Outflow values at the project.
Temperature; Barometric Pressure; Dissolved Gas and Dissolved Gas Percent are measured at Water Quality Monitoring stations in the forebay and tailwater of most projects and other key locations in the basin. Prior to 1995; these data are from a variety of sources within the U.S. Army Corps of Engineers.
Turbidity is measured in the forebay or in a fish ladder at a project.
Elevation is measured in the forebay and tailwater of a project.
"DART Data Citation. Columbia River DART, Columbia Basin Research, University of Washington. (2024). River Environment Daily Average Measurements. Available from https://www.cbr.washington.edu/dart/query/river_daily."
